	begin transaction;
	insert into usuario ("usua_cedula", "usua_clave", "usua_nombre", "usua_apellido", "usua_correo") values ('1031144442', '1234', 'jhon fredy', 'puentes correa', 'puentescorrea@hotmail.com');
	insert into usuario ("usua_cedula", "usua_clave", "usua_nombre", "usua_apellido", "usua_correo") values ('1031144443', '1234', 'carlos andres', 'castro vargas', 'castrovargas@hotmail.com');
	insert into usuario ("usua_cedula", "usua_clave", "usua_nombre", "usua_apellido", "usua_correo") values ('1031144444', '1234', 'karen lizeth', 'gutierrez cruz', 'gutierrezcruz@hotmail.com');
	insert into usuario ("usua_cedula", "usua_clave", "usua_nombre", "usua_apellido", "usua_correo") values ('1031144445', '1234', 'elsa marcela', 'parra mendez', 'parramendez@hotmail.com');
	insert into usuario ("usua_cedula", "usua_clave", "usua_nombre", "usua_apellido", "usua_correo") values ('1031144446', '1234', 'juan carlos', 'guevara becerra', 'guevarabecerra@hotmail.com');
	insert into usuario ("usua_cedula", "usua_clave", "usua_nombre", "usua_apellido", "usua_correo") values ('1031144447', '1234', 'adriana maria', 'mendez garzon', 'mendezgarzon@hotmail.com');
	insert into usuario ("usua_cedula", "usua_clave", "usua_nombre", "usua_apellido", "usua_correo") values ('1031144448', '1234', 'carlos alberto', 'garcia parra', 'garciaparra@hotmail.com');
	insert into usuario ("usua_cedula", "usua_clave", "usua_nombre", "usua_apellido", "usua_correo") values ('1031144449', '1234', 'mayra alexandra', 'perdomo ramirez', 'perdomoramirez@hotmail.com');
	insert into usuario ("usua_cedula", "usua_clave", "usua_nombre", "usua_apellido", "usua_correo") values ('1031144410', '1234', 'maria camila', 'bernal sosa', 'bernalsosa@hotmail.com');
	insert into usuario ("usua_cedula", "usua_clave", "usua_nombre", "usua_apellido", "usua_correo") values ('1031144411', '1234', 'esperanza ', 'castro gomez', 'castrogomez@hotmail.com');
	commit;

	begin transaction;
	insert into CIUDAD values
	('0','ninguna'),
	('1','Bogota'),
	('2','Medellín'),
	('3','Cali'),
	('4','Barranquilla'),
	('5','Cartagena'),
	('6','Cúcuta'),
	('7','Ibagué'),
	('8','Soledad'),
	('9','Bucaramanga'),
	('10','Soacha'),
	('11','Santa Marta'),
	('12','Pereira'),
	('13','Villavicencio'),
	('14','Bello'),
	('15','Valledupar'),
	('16','Pasto'),
	('17','Montería'),
	('18','Manizales'),
	('19','Buenaventura'),
	('20','Neiva'),
	('21','Palmira'),
	('22','Armenia'),
	('23','Popayán'),
	('24','Sincelejo'),
	('25','Floridablanca'),
	('26','Itagüí'),
	('27','Riohacha'),
	('28','Envigado'),
	('29','Tuluá'),
	('30','Dosquebradas'),
	('31','Barrancabermeja'),
	('32','Tumaco');	
	commit;


	begin transaction;
	insert into origen ("orig_id", "orig_ciud_id") values ('1', '1');
	insert into origen ("orig_id", "orig_ciud_id") values ('2', '2');
	insert into origen ("orig_id", "orig_ciud_id") values ('3', '3');
	insert into origen ("orig_id", "orig_ciud_id") values ('4', '4');
	insert into origen ("orig_id", "orig_ciud_id") values ('5', '5');
	insert into origen ("orig_id", "orig_ciud_id") values ('6', '6');
	insert into origen ("orig_id", "orig_ciud_id") values ('7', '7');
	insert into origen ("orig_id", "orig_ciud_id") values ('8', '8');
	insert into origen ("orig_id", "orig_ciud_id") values ('9', '9');
	insert into origen ("orig_id", "orig_ciud_id") values ('10', '10');
	insert into origen ("orig_id", "orig_ciud_id") values ('11', '11');
	insert into origen ("orig_id", "orig_ciud_id") values ('12', '12');
	insert into origen ("orig_id", "orig_ciud_id") values ('13', '13');
	insert into origen ("orig_id", "orig_ciud_id") values ('14', '14');
	insert into origen ("orig_id", "orig_ciud_id") values ('15', '15');
	insert into origen ("orig_id", "orig_ciud_id") values ('16', '16');
	insert into origen ("orig_id", "orig_ciud_id") values ('17', '17');
	insert into origen ("orig_id", "orig_ciud_id") values ('18', '18');
	insert into origen ("orig_id", "orig_ciud_id") values ('19', '19');
	insert into origen ("orig_id", "orig_ciud_id") values ('20', '20');
	insert into origen ("orig_id", "orig_ciud_id") values ('21', '21');
	insert into origen ("orig_id", "orig_ciud_id") values ('22', '22');
	insert into origen ("orig_id", "orig_ciud_id") values ('23', '23');
	insert into origen ("orig_id", "orig_ciud_id") values ('24', '24');
	insert into origen ("orig_id", "orig_ciud_id") values ('25', '25');
	insert into origen ("orig_id", "orig_ciud_id") values ('26', '26');
	insert into origen ("orig_id", "orig_ciud_id") values ('27', '27');
	insert into origen ("orig_id", "orig_ciud_id") values ('28', '28');
	insert into origen ("orig_id", "orig_ciud_id") values ('29', '29');
	insert into origen ("orig_id", "orig_ciud_id") values ('30', '30');
	insert into origen ("orig_id", "orig_ciud_id") values ('31', '31');
	insert into origen ("orig_id", "orig_ciud_id") values ('32', '32');
	commit;


	begin transaction;
	insert into destino ("dest_id", "dest_ciud_id") values ('1', '1');
	insert into destino ("dest_id", "dest_ciud_id") values ('2', '2');
	insert into destino ("dest_id", "dest_ciud_id") values ('3', '3');
	insert into destino ("dest_id", "dest_ciud_id") values ('4', '4');
	insert into destino ("dest_id", "dest_ciud_id") values ('5', '5');
	insert into destino ("dest_id", "dest_ciud_id") values ('6', '6');
	insert into destino ("dest_id", "dest_ciud_id") values ('7', '7');
	insert into destino ("dest_id", "dest_ciud_id") values ('8', '8');
	insert into destino ("dest_id", "dest_ciud_id") values ('9', '9');
	insert into destino ("dest_id", "dest_ciud_id") values ('10', '10');
	insert into destino ("dest_id", "dest_ciud_id") values ('11', '11');
	insert into destino ("dest_id", "dest_ciud_id") values ('12', '12');
	insert into destino ("dest_id", "dest_ciud_id") values ('13', '13');
	insert into destino ("dest_id", "dest_ciud_id") values ('14', '14');
	insert into destino ("dest_id", "dest_ciud_id") values ('15', '15');
	insert into destino ("dest_id", "dest_ciud_id") values ('16', '16');
	insert into destino ("dest_id", "dest_ciud_id") values ('17', '17');
	insert into destino ("dest_id", "dest_ciud_id") values ('18', '18');
	insert into destino ("dest_id", "dest_ciud_id") values ('19', '19');
	insert into destino ("dest_id", "dest_ciud_id") values ('20', '20');
	insert into destino ("dest_id", "dest_ciud_id") values ('21', '21');
	insert into destino ("dest_id", "dest_ciud_id") values ('22', '22');
	insert into destino ("dest_id", "dest_ciud_id") values ('23', '23');
	insert into destino ("dest_id", "dest_ciud_id") values ('24', '24');
	insert into destino ("dest_id", "dest_ciud_id") values ('25', '25');
	insert into destino ("dest_id", "dest_ciud_id") values ('26', '26');
	insert into destino ("dest_id", "dest_ciud_id") values ('27', '27');
	insert into destino ("dest_id", "dest_ciud_id") values ('28', '28');
	insert into destino ("dest_id", "dest_ciud_id") values ('29', '29');
	insert into destino ("dest_id", "dest_ciud_id") values ('30', '30');
	insert into destino ("dest_id", "dest_ciud_id") values ('31', '31');
	insert into destino ("dest_id", "dest_ciud_id") values ('32', '32');
	commit;


	begin transaction;
	insert into escala ("esca_id", "esca_ciud_id") values ('0', '0');
	insert into escala ("esca_id", "esca_ciud_id") values ('1', '1');
	insert into escala ("esca_id", "esca_ciud_id") values ('2', '2');
	insert into escala ("esca_id", "esca_ciud_id") values ('3', '3');
	insert into escala ("esca_id", "esca_ciud_id") values ('4', '5');
	insert into escala ("esca_id", "esca_ciud_id") values ('5', '7');
	insert into escala ("esca_id", "esca_ciud_id") values ('6', '10');
	insert into escala ("esca_id", "esca_ciud_id") values ('7', '13');
	insert into escala ("esca_id", "esca_ciud_id") values ('8', '17');
	insert into escala ("esca_id", "esca_ciud_id") values ('9', '20');
	insert into escala ("esca_id", "esca_ciud_id") values ('10', '22');
	insert into escala ("esca_id", "esca_ciud_id") values ('11', '23');
	insert into escala ("esca_id", "esca_ciud_id") values ('12', '27');
	insert into escala ("esca_id", "esca_ciud_id") values ('13', '29');
	insert into escala ("esca_id", "esca_ciud_id") values ('14', '32');
	commit;

	begin transaction;
	insert into ruta ("ruta_id", "ruta_orig_id", "ruta_dest_id", "ruta_esca_id") values ('1', '1', '2','0');
	insert into ruta ("ruta_id", "ruta_orig_id", "ruta_dest_id", "ruta_esca_id") values ('2', '1', '3', '0');
	insert into ruta ("ruta_id", "ruta_orig_id", "ruta_dest_id", "ruta_esca_id") values ('3', '1', '4', '0');
	insert into ruta ("ruta_id", "ruta_orig_id", "ruta_dest_id", "ruta_esca_id") values ('4', '1', '5', '0');
	insert into ruta ("ruta_id", "ruta_orig_id", "ruta_dest_id", "ruta_esca_id") values ('5', '1', '6', '0');
	insert into ruta ("ruta_id", "ruta_orig_id", "ruta_dest_id", "ruta_esca_id") values ('6', '1', '7', '0');
	insert into ruta ("ruta_id", "ruta_orig_id", "ruta_dest_id", "ruta_esca_id") values ('7', '1', '8', '0');
	insert into ruta ("ruta_id", "ruta_orig_id", "ruta_dest_id", "ruta_esca_id") values ('8', '1', '9', '0');
	insert into ruta ("ruta_id", "ruta_orig_id", "ruta_dest_id", "ruta_esca_id") values ('9', '1', '10', '0');
	insert into ruta ("ruta_id", "ruta_orig_id", "ruta_dest_id", "ruta_esca_id") values ('10', '1', '11', '0');
	insert into ruta ("ruta_id", "ruta_orig_id", "ruta_dest_id", "ruta_esca_id") values ('11', '1', '12', '0');
	insert into ruta ("ruta_id", "ruta_orig_id", "ruta_dest_id", "ruta_esca_id") values ('12', '1', '13', '0');
	insert into ruta ("ruta_id", "ruta_orig_id", "ruta_dest_id", "ruta_esca_id") values ('13', '1', '14', '0');
	insert into ruta ("ruta_id", "ruta_orig_id", "ruta_dest_id", "ruta_esca_id") values ('14', '1', '15', '0');
	insert into ruta ("ruta_id", "ruta_orig_id", "ruta_dest_id", "ruta_esca_id") values ('15', '1', '16', '0');
	insert into ruta ("ruta_id", "ruta_orig_id", "ruta_dest_id", "ruta_esca_id") values ('16', '1', '17', '0');
	insert into ruta ("ruta_id", "ruta_orig_id", "ruta_dest_id", "ruta_esca_id") values ('17', '1', '18', '0');
	insert into ruta ("ruta_id", "ruta_orig_id", "ruta_dest_id", "ruta_esca_id") values ('18', '1', '19', '0');
	insert into ruta ("ruta_id", "ruta_orig_id", "ruta_dest_id", "ruta_esca_id") values ('19', '1', '20', '0');
	insert into ruta ("ruta_id", "ruta_orig_id", "ruta_dest_id", "ruta_esca_id") values ('20', '1', '21', '0');
	insert into ruta ("ruta_id", "ruta_orig_id", "ruta_dest_id", "ruta_esca_id") values ('21', '1', '22', '0');
	insert into ruta ("ruta_id", "ruta_orig_id", "ruta_dest_id", "ruta_esca_id") values ('22', '1', '23', '0');
	insert into ruta ("ruta_id", "ruta_orig_id", "ruta_dest_id", "ruta_esca_id") values ('23', '1', '24', '0');
	insert into ruta ("ruta_id", "ruta_orig_id", "ruta_dest_id", "ruta_esca_id") values ('24', '1', '25', '0');
	insert into ruta ("ruta_id", "ruta_orig_id", "ruta_dest_id", "ruta_esca_id") values ('25', '1', '26', '0');
	insert into ruta ("ruta_id", "ruta_orig_id", "ruta_dest_id", "ruta_esca_id") values ('26', '1', '27', '0');
	insert into ruta ("ruta_id", "ruta_orig_id", "ruta_dest_id", "ruta_esca_id") values ('27', '1', '28', '0');
	insert into ruta ("ruta_id", "ruta_orig_id", "ruta_dest_id", "ruta_esca_id") values ('28', '1', '29', '0');
	insert into ruta ("ruta_id", "ruta_orig_id", "ruta_dest_id", "ruta_esca_id") values ('29', '1', '30', '0');
	insert into ruta ("ruta_id", "ruta_orig_id", "ruta_dest_id", "ruta_esca_id") values ('30', '1', '31', '0');
	insert into ruta ("ruta_id", "ruta_orig_id", "ruta_dest_id", "ruta_esca_id") values ('31', '1', '32', '0');
	insert into ruta ("ruta_id", "ruta_orig_id", "ruta_dest_id", "ruta_esca_id") values ('32', '2', '1', '0');
	insert into ruta ("ruta_id", "ruta_orig_id", "ruta_dest_id", "ruta_esca_id") values ('33', '2', '3', '0');
	insert into ruta ("ruta_id", "ruta_orig_id", "ruta_dest_id", "ruta_esca_id") values ('34', '2', '4', '0');
	insert into ruta ("ruta_id", "ruta_orig_id", "ruta_dest_id", "ruta_esca_id") values ('35', '2', '5', '0');
	insert into ruta ("ruta_id", "ruta_orig_id", "ruta_dest_id", "ruta_esca_id") values ('36', '2', '6', '0');
	insert into ruta ("ruta_id", "ruta_orig_id", "ruta_dest_id", "ruta_esca_id") values ('37', '2', '7', '0');
	insert into ruta ("ruta_id", "ruta_orig_id", "ruta_dest_id", "ruta_esca_id") values ('38', '2', '8', '0');
	insert into ruta ("ruta_id", "ruta_orig_id", "ruta_dest_id", "ruta_esca_id") values ('39', '2', '9', '0');
	insert into ruta ("ruta_id", "ruta_orig_id", "ruta_dest_id", "ruta_esca_id") values ('40', '2', '10', '0');
	insert into ruta ("ruta_id", "ruta_orig_id", "ruta_dest_id", "ruta_esca_id") values ('41', '2', '11', '0');
	insert into ruta ("ruta_id", "ruta_orig_id", "ruta_dest_id", "ruta_esca_id") values ('42', '2', '12', '0');
	insert into ruta ("ruta_id", "ruta_orig_id", "ruta_dest_id", "ruta_esca_id") values ('43', '2', '13', '0');
	insert into ruta ("ruta_id", "ruta_orig_id", "ruta_dest_id", "ruta_esca_id") values ('44', '2', '14', '0');
	insert into ruta ("ruta_id", "ruta_orig_id", "ruta_dest_id", "ruta_esca_id") values ('45', '2', '15', '0');
	insert into ruta ("ruta_id", "ruta_orig_id", "ruta_dest_id", "ruta_esca_id") values ('46', '2', '16', '0');
	insert into ruta ("ruta_id", "ruta_orig_id", "ruta_dest_id", "ruta_esca_id") values ('47', '2', '17', '0');
	insert into ruta ("ruta_id", "ruta_orig_id", "ruta_dest_id", "ruta_esca_id") values ('48', '2', '18', '0');
	insert into ruta ("ruta_id", "ruta_orig_id", "ruta_dest_id", "ruta_esca_id") values ('49', '2', '19', '0');
	insert into ruta ("ruta_id", "ruta_orig_id", "ruta_dest_id", "ruta_esca_id") values ('50', '2', '20', '0');
	insert into ruta ("ruta_id", "ruta_orig_id", "ruta_dest_id", "ruta_esca_id") values ('51', '2', '21', '0');
	insert into ruta ("ruta_id", "ruta_orig_id", "ruta_dest_id", "ruta_esca_id") values ('52', '2', '22', '0');
	insert into ruta ("ruta_id", "ruta_orig_id", "ruta_dest_id", "ruta_esca_id") values ('53', '2', '23', '0');
	insert into ruta ("ruta_id", "ruta_orig_id", "ruta_dest_id", "ruta_esca_id") values ('54', '2', '24', '0');
	insert into ruta ("ruta_id", "ruta_orig_id", "ruta_dest_id", "ruta_esca_id") values ('55', '2', '25', '0');
	insert into ruta ("ruta_id", "ruta_orig_id", "ruta_dest_id", "ruta_esca_id") values ('56', '2', '26', '0');
	insert into ruta ("ruta_id", "ruta_orig_id", "ruta_dest_id", "ruta_esca_id") values ('57', '2', '27', '0');
	insert into ruta ("ruta_id", "ruta_orig_id", "ruta_dest_id", "ruta_esca_id") values ('58', '2', '28', '0');
	insert into ruta ("ruta_id", "ruta_orig_id", "ruta_dest_id", "ruta_esca_id") values ('59', '2', '29', '0');
	insert into ruta ("ruta_id", "ruta_orig_id", "ruta_dest_id", "ruta_esca_id") values ('62', '2', '30', '0');
	insert into ruta ("ruta_id", "ruta_orig_id", "ruta_dest_id", "ruta_esca_id") values ('63', '2', '31', '0');
	insert into ruta ("ruta_id", "ruta_orig_id", "ruta_dest_id", "ruta_esca_id") values ('64', '2', '32', '0');
	insert into ruta ("ruta_id", "ruta_orig_id", "ruta_dest_id", "ruta_esca_id") values ('65', '3', '1', '0');
	insert into ruta ("ruta_id", "ruta_orig_id", "ruta_dest_id", "ruta_esca_id") values ('66', '3', '2', '0');
	insert into ruta ("ruta_id", "ruta_orig_id", "ruta_dest_id", "ruta_esca_id") values ('67', '3', '4', '0');
	insert into ruta ("ruta_id", "ruta_orig_id", "ruta_dest_id", "ruta_esca_id") values ('68', '3', '5', '0');
	insert into ruta ("ruta_id", "ruta_orig_id", "ruta_dest_id", "ruta_esca_id") values ('69', '3', '6', '0');
	insert into ruta ("ruta_id", "ruta_orig_id", "ruta_dest_id", "ruta_esca_id") values ('70', '3', '7', '0');
	insert into ruta ("ruta_id", "ruta_orig_id", "ruta_dest_id", "ruta_esca_id") values ('71', '3', '8', '0');
	insert into ruta ("ruta_id", "ruta_orig_id", "ruta_dest_id", "ruta_esca_id") values ('72', '3', '9', '0');
	insert into ruta ("ruta_id", "ruta_orig_id", "ruta_dest_id", "ruta_esca_id") values ('73', '3', '10', '0');
	insert into ruta ("ruta_id", "ruta_orig_id", "ruta_dest_id", "ruta_esca_id") values ('74', '3', '11', '0');
	insert into ruta ("ruta_id", "ruta_orig_id", "ruta_dest_id", "ruta_esca_id") values ('75', '3', '12', '0');
	insert into ruta ("ruta_id", "ruta_orig_id", "ruta_dest_id", "ruta_esca_id") values ('76', '3', '13', '0');
	insert into ruta ("ruta_id", "ruta_orig_id", "ruta_dest_id", "ruta_esca_id") values ('77', '3', '14', '0');
	insert into ruta ("ruta_id", "ruta_orig_id", "ruta_dest_id", "ruta_esca_id") values ('78', '3', '15', '0');
	insert into ruta ("ruta_id", "ruta_orig_id", "ruta_dest_id", "ruta_esca_id") values ('79', '3', '16', '0');
	insert into ruta ("ruta_id", "ruta_orig_id", "ruta_dest_id", "ruta_esca_id") values ('80', '3', '17', '0');
	insert into ruta ("ruta_id", "ruta_orig_id", "ruta_dest_id", "ruta_esca_id") values ('81', '3', '18', '0');
	insert into ruta ("ruta_id", "ruta_orig_id", "ruta_dest_id", "ruta_esca_id") values ('82', '3', '19', '0');
	insert into ruta ("ruta_id", "ruta_orig_id", "ruta_dest_id", "ruta_esca_id") values ('83', '3', '20', '0');
	insert into ruta ("ruta_id", "ruta_orig_id", "ruta_dest_id", "ruta_esca_id") values ('84', '3', '21', '0');
	insert into ruta ("ruta_id", "ruta_orig_id", "ruta_dest_id", "ruta_esca_id") values ('85', '3', '22', '0');
	insert into ruta ("ruta_id", "ruta_orig_id", "ruta_dest_id", "ruta_esca_id") values ('86', '3', '23', '0');
	insert into ruta ("ruta_id", "ruta_orig_id", "ruta_dest_id", "ruta_esca_id") values ('87', '3', '24', '0');
	insert into ruta ("ruta_id", "ruta_orig_id", "ruta_dest_id", "ruta_esca_id") values ('88', '3', '25', '0');
	insert into ruta ("ruta_id", "ruta_orig_id", "ruta_dest_id", "ruta_esca_id") values ('89', '3', '26', '0');
	insert into ruta ("ruta_id", "ruta_orig_id", "ruta_dest_id", "ruta_esca_id") values ('90', '3', '27', '0');
	insert into ruta ("ruta_id", "ruta_orig_id", "ruta_dest_id", "ruta_esca_id") values ('91', '3', '28', '0');
	insert into ruta ("ruta_id", "ruta_orig_id", "ruta_dest_id", "ruta_esca_id") values ('92', '3', '29', '0');
	insert into ruta ("ruta_id", "ruta_orig_id", "ruta_dest_id", "ruta_esca_id") values ('93', '3', '30', '0');
	insert into ruta ("ruta_id", "ruta_orig_id", "ruta_dest_id", "ruta_esca_id") values ('94', '3', '31', '0');
	insert into ruta ("ruta_id", "ruta_orig_id", "ruta_dest_id", "ruta_esca_id") values ('95', '3', '32', '0');
	insert into ruta ("ruta_id", "ruta_orig_id", "ruta_dest_id", "ruta_esca_id") values ('96', '4', '1', '0');
	insert into ruta ("ruta_id", "ruta_orig_id", "ruta_dest_id", "ruta_esca_id") values ('97', '4', '2', '0');
	insert into ruta ("ruta_id", "ruta_orig_id", "ruta_dest_id", "ruta_esca_id") values ('98', '4', '3', '0');
	insert into ruta ("ruta_id", "ruta_orig_id", "ruta_dest_id", "ruta_esca_id") values ('99', '4', '5', '0');
	insert into ruta ("ruta_id", "ruta_orig_id", "ruta_dest_id", "ruta_esca_id") values ('100', '4', '6', '0');
	insert into ruta ("ruta_id", "ruta_orig_id", "ruta_dest_id", "ruta_esca_id") values ('101', '4', '7', '0');
	insert into ruta ("ruta_id", "ruta_orig_id", "ruta_dest_id", "ruta_esca_id") values ('102', '4', '8', '0');
	insert into ruta ("ruta_id", "ruta_orig_id", "ruta_dest_id", "ruta_esca_id") values ('103', '4', '9', '0');
	insert into ruta ("ruta_id", "ruta_orig_id", "ruta_dest_id", "ruta_esca_id") values ('104', '4', '10', '0');
	insert into ruta ("ruta_id", "ruta_orig_id", "ruta_dest_id", "ruta_esca_id") values ('105', '4', '11', '0');
	insert into ruta ("ruta_id", "ruta_orig_id", "ruta_dest_id", "ruta_esca_id") values ('106', '4', '12', '0');
	insert into ruta ("ruta_id", "ruta_orig_id", "ruta_dest_id", "ruta_esca_id") values ('107', '4', '13', '0');
	insert into ruta ("ruta_id", "ruta_orig_id", "ruta_dest_id", "ruta_esca_id") values ('108', '4', '14', '0');
	insert into ruta ("ruta_id", "ruta_orig_id", "ruta_dest_id", "ruta_esca_id") values ('109', '4', '15', '0');
	insert into ruta ("ruta_id", "ruta_orig_id", "ruta_dest_id", "ruta_esca_id") values ('110', '4', '16', '0');
	insert into ruta ("ruta_id", "ruta_orig_id", "ruta_dest_id", "ruta_esca_id") values ('111', '4', '17', '0');
	insert into ruta ("ruta_id", "ruta_orig_id", "ruta_dest_id", "ruta_esca_id") values ('112', '4', '18', '0');
	insert into ruta ("ruta_id", "ruta_orig_id", "ruta_dest_id", "ruta_esca_id") values ('113', '4', '19', '0');
	insert into ruta ("ruta_id", "ruta_orig_id", "ruta_dest_id", "ruta_esca_id") values ('114', '4', '20', '0');
	insert into ruta ("ruta_id", "ruta_orig_id", "ruta_dest_id", "ruta_esca_id") values ('115', '4', '21', '0');
	insert into ruta ("ruta_id", "ruta_orig_id", "ruta_dest_id", "ruta_esca_id") values ('116', '4', '22', '0');
	insert into ruta ("ruta_id", "ruta_orig_id", "ruta_dest_id", "ruta_esca_id") values ('117', '4', '23', '0');
	insert into ruta ("ruta_id", "ruta_orig_id", "ruta_dest_id", "ruta_esca_id") values ('118', '4', '24', '0');
	insert into ruta ("ruta_id", "ruta_orig_id", "ruta_dest_id", "ruta_esca_id") values ('119', '4', '25', '0');
	insert into ruta ("ruta_id", "ruta_orig_id", "ruta_dest_id", "ruta_esca_id") values ('120', '4', '26', '0');
	insert into ruta ("ruta_id", "ruta_orig_id", "ruta_dest_id", "ruta_esca_id") values ('121', '4', '27', '0');
	insert into ruta ("ruta_id", "ruta_orig_id", "ruta_dest_id", "ruta_esca_id") values ('122', '4', '28', '0');
	insert into ruta ("ruta_id", "ruta_orig_id", "ruta_dest_id", "ruta_esca_id") values ('123', '4', '29', '0');
	insert into ruta ("ruta_id", "ruta_orig_id", "ruta_dest_id", "ruta_esca_id") values ('124', '4', '30', '0');
	insert into ruta ("ruta_id", "ruta_orig_id", "ruta_dest_id", "ruta_esca_id") values ('125', '4', '31', '0');
	insert into ruta ("ruta_id", "ruta_orig_id", "ruta_dest_id", "ruta_esca_id") values ('126', '4', '32', '0');
	insert into ruta ("ruta_id", "ruta_orig_id", "ruta_dest_id", "ruta_esca_id") values ('127', '5', '1', '0');
	insert into ruta ("ruta_id", "ruta_orig_id", "ruta_dest_id", "ruta_esca_id") values ('128', '5', '2', '0');
	insert into ruta ("ruta_id", "ruta_orig_id", "ruta_dest_id", "ruta_esca_id") values ('129', '5', '3', '0');
	insert into ruta ("ruta_id", "ruta_orig_id", "ruta_dest_id", "ruta_esca_id") values ('130', '5', '4', '0');
	insert into ruta ("ruta_id", "ruta_orig_id", "ruta_dest_id", "ruta_esca_id") values ('131', '5', '6', '0');
	insert into ruta ("ruta_id", "ruta_orig_id", "ruta_dest_id", "ruta_esca_id") values ('132', '5', '7', '0');
	insert into ruta ("ruta_id", "ruta_orig_id", "ruta_dest_id", "ruta_esca_id") values ('133', '5', '8', '0');
	insert into ruta ("ruta_id", "ruta_orig_id", "ruta_dest_id", "ruta_esca_id") values ('134', '5', '9', '0');
	insert into ruta ("ruta_id", "ruta_orig_id", "ruta_dest_id", "ruta_esca_id") values ('135', '5', '10', '0');
	insert into ruta ("ruta_id", "ruta_orig_id", "ruta_dest_id", "ruta_esca_id") values ('136', '5', '11', '0');
	insert into ruta ("ruta_id", "ruta_orig_id", "ruta_dest_id", "ruta_esca_id") values ('137', '5', '12', '0');
	insert into ruta ("ruta_id", "ruta_orig_id", "ruta_dest_id", "ruta_esca_id") values ('138', '5', '13', '0');
	insert into ruta ("ruta_id", "ruta_orig_id", "ruta_dest_id", "ruta_esca_id") values ('139', '5', '14', '0');
	insert into ruta ("ruta_id", "ruta_orig_id", "ruta_dest_id", "ruta_esca_id") values ('140', '5', '15', '0');
	insert into ruta ("ruta_id", "ruta_orig_id", "ruta_dest_id", "ruta_esca_id") values ('141', '5', '16', '0');
	insert into ruta ("ruta_id", "ruta_orig_id", "ruta_dest_id", "ruta_esca_id") values ('142', '5', '17', '0');
	insert into ruta ("ruta_id", "ruta_orig_id", "ruta_dest_id", "ruta_esca_id") values ('143', '5', '18', '0');
	insert into ruta ("ruta_id", "ruta_orig_id", "ruta_dest_id", "ruta_esca_id") values ('144', '5', '19', '0');
	insert into ruta ("ruta_id", "ruta_orig_id", "ruta_dest_id", "ruta_esca_id") values ('145', '5', '20', '0');
	insert into ruta ("ruta_id", "ruta_orig_id", "ruta_dest_id", "ruta_esca_id") values ('146', '5', '21', '0');
	insert into ruta ("ruta_id", "ruta_orig_id", "ruta_dest_id", "ruta_esca_id") values ('147', '5', '22', '0');
	insert into ruta ("ruta_id", "ruta_orig_id", "ruta_dest_id", "ruta_esca_id") values ('148', '5', '23', '0');
	insert into ruta ("ruta_id", "ruta_orig_id", "ruta_dest_id", "ruta_esca_id") values ('149', '5', '24', '0');
	insert into ruta ("ruta_id", "ruta_orig_id", "ruta_dest_id", "ruta_esca_id") values ('150', '5', '25', '0');
	insert into ruta ("ruta_id", "ruta_orig_id", "ruta_dest_id", "ruta_esca_id") values ('151', '5', '26', '0');
	insert into ruta ("ruta_id", "ruta_orig_id", "ruta_dest_id", "ruta_esca_id") values ('152', '5', '27', '0');
	insert into ruta ("ruta_id", "ruta_orig_id", "ruta_dest_id", "ruta_esca_id") values ('153', '5', '28', '0');
	insert into ruta ("ruta_id", "ruta_orig_id", "ruta_dest_id", "ruta_esca_id") values ('154', '5', '29', '0');
	insert into ruta ("ruta_id", "ruta_orig_id", "ruta_dest_id", "ruta_esca_id") values ('155', '5', '30', '0');
	insert into ruta ("ruta_id", "ruta_orig_id", "ruta_dest_id", "ruta_esca_id") values ('156', '5', '31', '0');
	insert into ruta ("ruta_id", "ruta_orig_id", "ruta_dest_id", "ruta_esca_id") values ('157', '5', '32', '0');
	insert into ruta ("ruta_id", "ruta_orig_id", "ruta_dest_id", "ruta_esca_id") values ('158', '7', '1', '0');
	insert into ruta ("ruta_id", "ruta_orig_id", "ruta_dest_id", "ruta_esca_id") values ('159', '7', '2', '0');
	insert into ruta ("ruta_id", "ruta_orig_id", "ruta_dest_id", "ruta_esca_id") values ('160', '7', '3', '0');
	insert into ruta ("ruta_id", "ruta_orig_id", "ruta_dest_id", "ruta_esca_id") values ('161', '7', '4', '0');
	insert into ruta ("ruta_id", "ruta_orig_id", "ruta_dest_id", "ruta_esca_id") values ('162', '7', '5', '0');
	insert into ruta ("ruta_id", "ruta_orig_id", "ruta_dest_id", "ruta_esca_id") values ('163', '7', '6', '0');
	insert into ruta ("ruta_id", "ruta_orig_id", "ruta_dest_id", "ruta_esca_id") values ('311', '7', '8', '0');
	insert into ruta ("ruta_id", "ruta_orig_id", "ruta_dest_id", "ruta_esca_id") values ('312', '7', '9', '0');
	insert into ruta ("ruta_id", "ruta_orig_id", "ruta_dest_id", "ruta_esca_id") values ('164', '7', '10', '0');
	insert into ruta ("ruta_id", "ruta_orig_id", "ruta_dest_id", "ruta_esca_id") values ('165', '7', '11', '0');
	insert into ruta ("ruta_id", "ruta_orig_id", "ruta_dest_id", "ruta_esca_id") values ('166', '7', '12', '0');
	insert into ruta ("ruta_id", "ruta_orig_id", "ruta_dest_id", "ruta_esca_id") values ('167', '7', '13', '0');
	insert into ruta ("ruta_id", "ruta_orig_id", "ruta_dest_id", "ruta_esca_id") values ('168', '7', '14', '0');
	insert into ruta ("ruta_id", "ruta_orig_id", "ruta_dest_id", "ruta_esca_id") values ('169', '7', '15', '0');
	insert into ruta ("ruta_id", "ruta_orig_id", "ruta_dest_id", "ruta_esca_id") values ('170', '7', '16', '0');
	insert into ruta ("ruta_id", "ruta_orig_id", "ruta_dest_id", "ruta_esca_id") values ('171', '7', '17', '0');
	insert into ruta ("ruta_id", "ruta_orig_id", "ruta_dest_id", "ruta_esca_id") values ('172', '7', '18', '0');
	insert into ruta ("ruta_id", "ruta_orig_id", "ruta_dest_id", "ruta_esca_id") values ('173', '7', '19', '0');
	insert into ruta ("ruta_id", "ruta_orig_id", "ruta_dest_id", "ruta_esca_id") values ('174', '7', '20', '0');
	insert into ruta ("ruta_id", "ruta_orig_id", "ruta_dest_id", "ruta_esca_id") values ('175', '7', '21', '0');
	insert into ruta ("ruta_id", "ruta_orig_id", "ruta_dest_id", "ruta_esca_id") values ('176', '7', '22', '0');
	insert into ruta ("ruta_id", "ruta_orig_id", "ruta_dest_id", "ruta_esca_id") values ('177', '7', '23', '0');
	insert into ruta ("ruta_id", "ruta_orig_id", "ruta_dest_id", "ruta_esca_id") values ('178', '7', '24', '0');
	insert into ruta ("ruta_id", "ruta_orig_id", "ruta_dest_id", "ruta_esca_id") values ('179', '7', '25', '0');
	insert into ruta ("ruta_id", "ruta_orig_id", "ruta_dest_id", "ruta_esca_id") values ('180', '7', '26', '0');
	insert into ruta ("ruta_id", "ruta_orig_id", "ruta_dest_id", "ruta_esca_id") values ('181', '7', '27', '0');
	insert into ruta ("ruta_id", "ruta_orig_id", "ruta_dest_id", "ruta_esca_id") values ('182', '7', '28', '0');
	insert into ruta ("ruta_id", "ruta_orig_id", "ruta_dest_id", "ruta_esca_id") values ('183', '7', '29', '0');
	insert into ruta ("ruta_id", "ruta_orig_id", "ruta_dest_id", "ruta_esca_id") values ('184', '7', '30', '0');
	insert into ruta ("ruta_id", "ruta_orig_id", "ruta_dest_id", "ruta_esca_id") values ('185', '7', '31', '0');
	insert into ruta ("ruta_id", "ruta_orig_id", "ruta_dest_id", "ruta_esca_id") values ('186', '7', '32', '0');
	insert into ruta ("ruta_id", "ruta_orig_id", "ruta_dest_id", "ruta_esca_id") values ('187', '8', '1', '0');
	insert into ruta ("ruta_id", "ruta_orig_id", "ruta_dest_id", "ruta_esca_id") values ('188', '8', '2', '0');
	insert into ruta ("ruta_id", "ruta_orig_id", "ruta_dest_id", "ruta_esca_id") values ('189', '8', '3', '0');
	insert into ruta ("ruta_id", "ruta_orig_id", "ruta_dest_id", "ruta_esca_id") values ('190', '8', '4', '0');
	insert into ruta ("ruta_id", "ruta_orig_id", "ruta_dest_id", "ruta_esca_id") values ('191', '8', '5', '0');
	insert into ruta ("ruta_id", "ruta_orig_id", "ruta_dest_id", "ruta_esca_id") values ('192', '8', '6', '0');
	insert into ruta ("ruta_id", "ruta_orig_id", "ruta_dest_id", "ruta_esca_id") values ('193', '8', '7', '0');
	insert into ruta ("ruta_id", "ruta_orig_id", "ruta_dest_id", "ruta_esca_id") values ('194', '8', '9', '0');
	insert into ruta ("ruta_id", "ruta_orig_id", "ruta_dest_id", "ruta_esca_id") values ('195', '8', '10', '0');
	insert into ruta ("ruta_id", "ruta_orig_id", "ruta_dest_id", "ruta_esca_id") values ('196', '8', '11', '0');
	insert into ruta ("ruta_id", "ruta_orig_id", "ruta_dest_id", "ruta_esca_id") values ('197', '8', '12', '0');
	insert into ruta ("ruta_id", "ruta_orig_id", "ruta_dest_id", "ruta_esca_id") values ('198', '8', '13', '0');
	insert into ruta ("ruta_id", "ruta_orig_id", "ruta_dest_id", "ruta_esca_id") values ('199', '8', '14', '0');
	insert into ruta ("ruta_id", "ruta_orig_id", "ruta_dest_id", "ruta_esca_id") values ('200', '8', '15', '0');
	insert into ruta ("ruta_id", "ruta_orig_id", "ruta_dest_id", "ruta_esca_id") values ('201', '8', '16', '0');
	insert into ruta ("ruta_id", "ruta_orig_id", "ruta_dest_id", "ruta_esca_id") values ('202', '8', '17', '0');
	insert into ruta ("ruta_id", "ruta_orig_id", "ruta_dest_id", "ruta_esca_id") values ('203', '8', '18', '0');
	insert into ruta ("ruta_id", "ruta_orig_id", "ruta_dest_id", "ruta_esca_id") values ('204', '8', '19', '0');
	insert into ruta ("ruta_id", "ruta_orig_id", "ruta_dest_id", "ruta_esca_id") values ('205', '8', '20', '0');
	insert into ruta ("ruta_id", "ruta_orig_id", "ruta_dest_id", "ruta_esca_id") values ('206', '8', '21', '0');
	insert into ruta ("ruta_id", "ruta_orig_id", "ruta_dest_id", "ruta_esca_id") values ('207', '8', '22', '0');
	insert into ruta ("ruta_id", "ruta_orig_id", "ruta_dest_id", "ruta_esca_id") values ('208', '8', '23', '0');
	insert into ruta ("ruta_id", "ruta_orig_id", "ruta_dest_id", "ruta_esca_id") values ('209', '8', '24', '0');
	insert into ruta ("ruta_id", "ruta_orig_id", "ruta_dest_id", "ruta_esca_id") values ('210', '8', '25', '0');
	insert into ruta ("ruta_id", "ruta_orig_id", "ruta_dest_id", "ruta_esca_id") values ('211', '8', '26', '0');
	insert into ruta ("ruta_id", "ruta_orig_id", "ruta_dest_id", "ruta_esca_id") values ('212', '8', '27', '0');
	insert into ruta ("ruta_id", "ruta_orig_id", "ruta_dest_id", "ruta_esca_id") values ('213', '8', '28', '0');
	insert into ruta ("ruta_id", "ruta_orig_id", "ruta_dest_id", "ruta_esca_id") values ('214', '8', '29', '0');
	insert into ruta ("ruta_id", "ruta_orig_id", "ruta_dest_id", "ruta_esca_id") values ('215', '8', '30', '0');
	insert into ruta ("ruta_id", "ruta_orig_id", "ruta_dest_id", "ruta_esca_id") values ('216', '8', '31', '0');
	insert into ruta ("ruta_id", "ruta_orig_id", "ruta_dest_id", "ruta_esca_id") values ('217', '8', '32', '0');
	insert into ruta ("ruta_id", "ruta_orig_id", "ruta_dest_id", "ruta_esca_id") values ('218', '9', '1', '0');
	insert into ruta ("ruta_id", "ruta_orig_id", "ruta_dest_id", "ruta_esca_id") values ('219', '9', '2', '0');
	insert into ruta ("ruta_id", "ruta_orig_id", "ruta_dest_id", "ruta_esca_id") values ('220', '9', '3', '0');
	insert into ruta ("ruta_id", "ruta_orig_id", "ruta_dest_id", "ruta_esca_id") values ('221', '9', '4', '0');
	insert into ruta ("ruta_id", "ruta_orig_id", "ruta_dest_id", "ruta_esca_id") values ('222', '9', '5', '0');
	insert into ruta ("ruta_id", "ruta_orig_id", "ruta_dest_id", "ruta_esca_id") values ('223', '9', '6', '0');
	insert into ruta ("ruta_id", "ruta_orig_id", "ruta_dest_id", "ruta_esca_id") values ('224', '9', '7', '0');
	insert into ruta ("ruta_id", "ruta_orig_id", "ruta_dest_id", "ruta_esca_id") values ('225', '9', '8', '0');
	insert into ruta ("ruta_id", "ruta_orig_id", "ruta_dest_id", "ruta_esca_id") values ('226', '9', '10', '0');
	insert into ruta ("ruta_id", "ruta_orig_id", "ruta_dest_id", "ruta_esca_id") values ('227', '9', '11', '0');
	insert into ruta ("ruta_id", "ruta_orig_id", "ruta_dest_id", "ruta_esca_id") values ('228', '9', '12', '0');
	insert into ruta ("ruta_id", "ruta_orig_id", "ruta_dest_id", "ruta_esca_id") values ('229', '9', '13', '0');
	insert into ruta ("ruta_id", "ruta_orig_id", "ruta_dest_id", "ruta_esca_id") values ('230', '9', '14', '0');
	insert into ruta ("ruta_id", "ruta_orig_id", "ruta_dest_id", "ruta_esca_id") values ('231', '9', '15', '0');
	insert into ruta ("ruta_id", "ruta_orig_id", "ruta_dest_id", "ruta_esca_id") values ('232', '9', '16', '0');
	insert into ruta ("ruta_id", "ruta_orig_id", "ruta_dest_id", "ruta_esca_id") values ('233', '9', '17', '0');
	insert into ruta ("ruta_id", "ruta_orig_id", "ruta_dest_id", "ruta_esca_id") values ('234', '9', '18', '0');
	insert into ruta ("ruta_id", "ruta_orig_id", "ruta_dest_id", "ruta_esca_id") values ('235', '9', '19', '0');
	insert into ruta ("ruta_id", "ruta_orig_id", "ruta_dest_id", "ruta_esca_id") values ('236', '9', '20', '0');
	insert into ruta ("ruta_id", "ruta_orig_id", "ruta_dest_id", "ruta_esca_id") values ('237', '9', '21', '0');
	insert into ruta ("ruta_id", "ruta_orig_id", "ruta_dest_id", "ruta_esca_id") values ('238', '9', '22', '0');
	insert into ruta ("ruta_id", "ruta_orig_id", "ruta_dest_id", "ruta_esca_id") values ('239', '9', '23', '0');
	insert into ruta ("ruta_id", "ruta_orig_id", "ruta_dest_id", "ruta_esca_id") values ('240', '9', '24', '0');
	insert into ruta ("ruta_id", "ruta_orig_id", "ruta_dest_id", "ruta_esca_id") values ('241', '9', '25', '0');
	insert into ruta ("ruta_id", "ruta_orig_id", "ruta_dest_id", "ruta_esca_id") values ('242', '9', '26', '0');
	insert into ruta ("ruta_id", "ruta_orig_id", "ruta_dest_id", "ruta_esca_id") values ('243', '9', '27', '0');
	insert into ruta ("ruta_id", "ruta_orig_id", "ruta_dest_id", "ruta_esca_id") values ('244', '9', '28', '0');
	insert into ruta ("ruta_id", "ruta_orig_id", "ruta_dest_id", "ruta_esca_id") values ('245', '9', '29', '0');
	insert into ruta ("ruta_id", "ruta_orig_id", "ruta_dest_id", "ruta_esca_id") values ('246', '9', '30', '0');
	insert into ruta ("ruta_id", "ruta_orig_id", "ruta_dest_id", "ruta_esca_id") values ('247', '9', '31', '0');
	insert into ruta ("ruta_id", "ruta_orig_id", "ruta_dest_id", "ruta_esca_id") values ('248', '9', '32', '0');
	insert into ruta ("ruta_id", "ruta_orig_id", "ruta_dest_id", "ruta_esca_id") values ('249', '10', '1', '0');
	insert into ruta ("ruta_id", "ruta_orig_id", "ruta_dest_id", "ruta_esca_id") values ('250', '10', '2', '0');
	insert into ruta ("ruta_id", "ruta_orig_id", "ruta_dest_id", "ruta_esca_id") values ('251', '10', '3', '0');
	insert into ruta ("ruta_id", "ruta_orig_id", "ruta_dest_id", "ruta_esca_id") values ('252', '10', '4', '0');
	insert into ruta ("ruta_id", "ruta_orig_id", "ruta_dest_id", "ruta_esca_id") values ('253', '10', '5', '0');
	insert into ruta ("ruta_id", "ruta_orig_id", "ruta_dest_id", "ruta_esca_id") values ('254', '10', '6', '0');
	insert into ruta ("ruta_id", "ruta_orig_id", "ruta_dest_id", "ruta_esca_id") values ('255', '10', '7', '0');
	insert into ruta ("ruta_id", "ruta_orig_id", "ruta_dest_id", "ruta_esca_id") values ('256', '10', '8', '0');
	insert into ruta ("ruta_id", "ruta_orig_id", "ruta_dest_id", "ruta_esca_id") values ('257', '10', '9', '0');
	insert into ruta ("ruta_id", "ruta_orig_id", "ruta_dest_id", "ruta_esca_id") values ('258', '10', '11', '0');
	insert into ruta ("ruta_id", "ruta_orig_id", "ruta_dest_id", "ruta_esca_id") values ('259', '10', '12', '0');
	insert into ruta ("ruta_id", "ruta_orig_id", "ruta_dest_id", "ruta_esca_id") values ('260', '10', '13', '0');
	insert into ruta ("ruta_id", "ruta_orig_id", "ruta_dest_id", "ruta_esca_id") values ('261', '10', '14', '0');
	insert into ruta ("ruta_id", "ruta_orig_id", "ruta_dest_id", "ruta_esca_id") values ('262', '10', '15', '0');
	insert into ruta ("ruta_id", "ruta_orig_id", "ruta_dest_id", "ruta_esca_id") values ('263', '10', '16', '0');
	insert into ruta ("ruta_id", "ruta_orig_id", "ruta_dest_id", "ruta_esca_id") values ('264', '10', '17', '0');
	insert into ruta ("ruta_id", "ruta_orig_id", "ruta_dest_id", "ruta_esca_id") values ('265', '10', '18', '0');
	insert into ruta ("ruta_id", "ruta_orig_id", "ruta_dest_id", "ruta_esca_id") values ('266', '10', '19', '0');
	insert into ruta ("ruta_id", "ruta_orig_id", "ruta_dest_id", "ruta_esca_id") values ('267', '10', '20', '0');
	insert into ruta ("ruta_id", "ruta_orig_id", "ruta_dest_id", "ruta_esca_id") values ('268', '10', '21', '0');
	insert into ruta ("ruta_id", "ruta_orig_id", "ruta_dest_id", "ruta_esca_id") values ('269', '10', '22', '0');
	insert into ruta ("ruta_id", "ruta_orig_id", "ruta_dest_id", "ruta_esca_id") values ('270', '10', '23', '0');
	insert into ruta ("ruta_id", "ruta_orig_id", "ruta_dest_id", "ruta_esca_id") values ('271', '10', '24', '0');
	insert into ruta ("ruta_id", "ruta_orig_id", "ruta_dest_id", "ruta_esca_id") values ('272', '10', '25', '0');
	insert into ruta ("ruta_id", "ruta_orig_id", "ruta_dest_id", "ruta_esca_id") values ('273', '10', '26', '0');
	insert into ruta ("ruta_id", "ruta_orig_id", "ruta_dest_id", "ruta_esca_id") values ('274', '10', '27', '0');
	insert into ruta ("ruta_id", "ruta_orig_id", "ruta_dest_id", "ruta_esca_id") values ('275', '10', '28', '0');
	insert into ruta ("ruta_id", "ruta_orig_id", "ruta_dest_id", "ruta_esca_id") values ('276', '10', '29', '0');
	insert into ruta ("ruta_id", "ruta_orig_id", "ruta_dest_id", "ruta_esca_id") values ('277', '10', '30', '0');
	insert into ruta ("ruta_id", "ruta_orig_id", "ruta_dest_id", "ruta_esca_id") values ('278', '10', '31', '0');
	insert into ruta ("ruta_id", "ruta_orig_id", "ruta_dest_id", "ruta_esca_id") values ('279', '10', '32', '0');
	insert into ruta ("ruta_id", "ruta_orig_id", "ruta_dest_id", "ruta_esca_id") values ('280', '6', '1', '0');
	insert into ruta ("ruta_id", "ruta_orig_id", "ruta_dest_id", "ruta_esca_id") values ('281', '6', '2', '0');
	insert into ruta ("ruta_id", "ruta_orig_id", "ruta_dest_id", "ruta_esca_id") values ('282', '6', '3', '0');
	insert into ruta ("ruta_id", "ruta_orig_id", "ruta_dest_id", "ruta_esca_id") values ('283', '6', '4', '0');
	insert into ruta ("ruta_id", "ruta_orig_id", "ruta_dest_id", "ruta_esca_id") values ('284', '6', '5', '0');
	insert into ruta ("ruta_id", "ruta_orig_id", "ruta_dest_id", "ruta_esca_id") values ('285', '6', '7', '0');
	insert into ruta ("ruta_id", "ruta_orig_id", "ruta_dest_id", "ruta_esca_id") values ('286', '6', '8', '0');
	insert into ruta ("ruta_id", "ruta_orig_id", "ruta_dest_id", "ruta_esca_id") values ('287', '6', '9', '0');
	insert into ruta ("ruta_id", "ruta_orig_id", "ruta_dest_id", "ruta_esca_id") values ('288', '6', '10', '0');
	insert into ruta ("ruta_id", "ruta_orig_id", "ruta_dest_id", "ruta_esca_id") values ('289', '6', '11', '0');
	insert into ruta ("ruta_id", "ruta_orig_id", "ruta_dest_id", "ruta_esca_id") values ('290', '6', '12', '0');
	insert into ruta ("ruta_id", "ruta_orig_id", "ruta_dest_id", "ruta_esca_id") values ('291', '6', '13', '0');
	insert into ruta ("ruta_id", "ruta_orig_id", "ruta_dest_id", "ruta_esca_id") values ('292', '6', '14', '0');
	insert into ruta ("ruta_id", "ruta_orig_id", "ruta_dest_id", "ruta_esca_id") values ('293', '6', '15', '0');
	insert into ruta ("ruta_id", "ruta_orig_id", "ruta_dest_id", "ruta_esca_id") values ('294', '6', '16', '0');
	insert into ruta ("ruta_id", "ruta_orig_id", "ruta_dest_id", "ruta_esca_id") values ('295', '6', '17', '0');
	insert into ruta ("ruta_id", "ruta_orig_id", "ruta_dest_id", "ruta_esca_id") values ('296', '6', '18', '0');
	insert into ruta ("ruta_id", "ruta_orig_id", "ruta_dest_id", "ruta_esca_id") values ('297', '6', '19', '0');
	insert into ruta ("ruta_id", "ruta_orig_id", "ruta_dest_id", "ruta_esca_id") values ('298', '6', '20', '0');
	insert into ruta ("ruta_id", "ruta_orig_id", "ruta_dest_id", "ruta_esca_id") values ('299', '6', '21', '0');
	insert into ruta ("ruta_id", "ruta_orig_id", "ruta_dest_id", "ruta_esca_id") values ('300', '6', '22', '0');
	insert into ruta ("ruta_id", "ruta_orig_id", "ruta_dest_id", "ruta_esca_id") values ('301', '6', '23', '0');
	insert into ruta ("ruta_id", "ruta_orig_id", "ruta_dest_id", "ruta_esca_id") values ('302', '6', '24', '0');
	insert into ruta ("ruta_id", "ruta_orig_id", "ruta_dest_id", "ruta_esca_id") values ('303', '6', '25', '0');
	insert into ruta ("ruta_id", "ruta_orig_id", "ruta_dest_id", "ruta_esca_id") values ('304', '6', '26', '0');
	insert into ruta ("ruta_id", "ruta_orig_id", "ruta_dest_id", "ruta_esca_id") values ('305', '6', '27', '0');
	insert into ruta ("ruta_id", "ruta_orig_id", "ruta_dest_id", "ruta_esca_id") values ('306', '6', '28', '0');
	insert into ruta ("ruta_id", "ruta_orig_id", "ruta_dest_id", "ruta_esca_id") values ('307', '6', '29', '0');
	insert into ruta ("ruta_id", "ruta_orig_id", "ruta_dest_id", "ruta_esca_id") values ('308', '6', '30', '0');
	insert into ruta ("ruta_id", "ruta_orig_id", "ruta_dest_id", "ruta_esca_id") values ('309', '6', '31', '0');
	insert into ruta ("ruta_id", "ruta_orig_id", "ruta_dest_id", "ruta_esca_id") values ('310', '6', '32', '0');
	commit;

	begin transaction;
	insert into horario ("hora_id", "hora_horario") values ('1', '6:00 am');
	insert into horario ("hora_id", "hora_horario") values ('2', '8:00 am');
	insert into horario ("hora_id", "hora_horario") values ('3', '9:00 am');
	insert into horario ("hora_id", "hora_horario") values ('4', '10:00 am');
	insert into horario ("hora_id", "hora_horario") values ('5', '11:00 am');
	insert into horario ("hora_id", "hora_horario") values ('6', '12:00 m');
	insert into horario ("hora_id", "hora_horario") values ('7', '1:00 pm');
	insert into horario ("hora_id", "hora_horario") values ('8', '6:00 pm');
	insert into horario ("hora_id", "hora_horario") values ('9', '9:00 pm');
	insert into horario ("hora_id", "hora_horario") values ('10', '10:00 pm');
	insert into horario ("hora_id", "hora_horario") values ('11', '11:00 pm');
	commit;

	begin transaction;
	insert into aerolinea ("aerol_id", "aerol_nombre", "aerol_direccion", "aerol_telefono","aerol_tarifa") values ('1', 'Avianca', 'cra. 106 no. 15a – 25', '6461570','1575000');
	insert into aerolinea ("aerol_id", "aerol_nombre", "aerol_direccion", "aerol_telefono","aerol_tarifa") values ('2', 'Satena', 'cll 100 # 10 - 90', '5698574','1304100');
	insert into aerolinea ("aerol_id", "aerol_nombre", "aerol_direccion", "aerol_telefono","aerol_tarifa") values ('3', 'EasyFly', 'cr 80 # 90 - 15 ', '7201108','1417500');
	insert into aerolinea ("aerol_id", "aerol_nombre", "aerol_direccion", "aerol_telefono","aerol_tarifa") values ('4', 'Delta', 'cr 30 # 1 - 89', '4569874','1500000');
	insert into aerolinea ("aerol_id", "aerol_nombre", "aerol_direccion", "aerol_telefono","aerol_tarifa") values ('5', 'Aires', 'cll 180 # 56 - 89', '5241478','1304100');
	commit;

	begin transaction;
	insert into aerolinea_horario ("aeho_aerol_id", "aeho_hora_id") values ('1', '1');
	insert into aerolinea_horario ("aeho_aerol_id", "aeho_hora_id") values ('1', '6');
	insert into aerolinea_horario ("aeho_aerol_id", "aeho_hora_id") values ('1', '8');
	insert into aerolinea_horario ("aeho_aerol_id", "aeho_hora_id") values ('2', '5');
	insert into aerolinea_horario ("aeho_aerol_id", "aeho_hora_id") values ('2', '10');
	insert into aerolinea_horario ("aeho_aerol_id", "aeho_hora_id") values ('3', '7');
	insert into aerolinea_horario ("aeho_aerol_id", "aeho_hora_id") values ('4', '4');
	insert into aerolinea_horario ("aeho_aerol_id", "aeho_hora_id") values ('4', '9');
	insert into aerolinea_horario ("aeho_aerol_id", "aeho_hora_id") values ('5', '2');
	insert into aerolinea_horario ("aeho_aerol_id", "aeho_hora_id") values ('5', '11');
	commit;


	/*
	begin transaction;
	insert into tarifa ("tari_id", "tari_precio", "tari_dia", "tari_aerol_id") values ('1', '600000', 'lunes', '1');
	insert into tarifa ("tari_id", "tari_precio", "tari_dia", "tari_aerol_id") values ('2', '600000', 'martes', '1');
	insert into tarifa ("tari_id", "tari_precio", "tari_dia", "tari_aerol_id") values ('3', '600000', 'miercoles', '1');
	insert into tarifa ("tari_id", "tari_precio", "tari_dia", "tari_aerol_id") values ('4', '600000', 'jueves', '1');
	insert into tarifa ("tari_id", "tari_precio", "tari_dia", "tari_aerol_id") values ('5', '600000', 'viernes', '1');
	insert into tarifa ("tari_id", "tari_precio", "tari_dia", "tari_aerol_id") values ('6', '660000', 'sabado', '1');
	insert into tarifa ("tari_id", "tari_precio", "tari_dia", "tari_aerol_id") values ('7', '660000', 'domingo', '1');
	insert into tarifa ("tari_id", "tari_precio", "tari_dia", "tari_aerol_id") values ('8', '540000', 'lunes', '3');
	insert into tarifa ("tari_id", "tari_precio", "tari_dia", "tari_aerol_id") values ('9', '540000', 'martes', '3');
	insert into tarifa ("tari_id", "tari_precio", "tari_dia", "tari_aerol_id") values ('10', '540000', 'miercoles', '3');
	insert into tarifa ("tari_id", "tari_precio", "tari_dia", "tari_aerol_id") values ('11', '540000', 'jueves', '3');
	insert into tarifa ("tari_id", "tari_precio", "tari_dia", "tari_aerol_id") values ('12', '540000', 'viernes', '3');
	insert into tarifa ("tari_id", "tari_precio", "tari_dia", "tari_aerol_id") values ('13', '600000', 'sabado', '3');
	insert into tarifa ("tari_id", "tari_precio", "tari_dia", "tari_aerol_id") values ('14', '600000', 'domingo', '3');
	insert into tarifa ("tari_id", "tari_precio", "tari_dia", "tari_aerol_id") values ('15', '583200', 'lunes', '2');
	insert into tarifa ("tari_id", "tari_precio", "tari_dia", "tari_aerol_id") values ('16', '583200', 'martes', '2');
	insert into tarifa ("tari_id", "tari_precio", "tari_dia", "tari_aerol_id") values ('17', '583200', 'miercoles', '2');
	insert into tarifa ("tari_id", "tari_precio", "tari_dia", "tari_aerol_id") values ('18', '583200', 'jueves', '2');
	insert into tarifa ("tari_id", "tari_precio", "tari_dia", "tari_aerol_id") values ('19', '583200', 'viernes', '2');
	insert into tarifa ("tari_id", "tari_precio", "tari_dia", "tari_aerol_id") values ('20', '641520', 'sabado', '2');
	insert into tarifa ("tari_id", "tari_precio", "tari_dia", "tari_aerol_id") values ('21', '641520', 'domingo', '2');
	insert into tarifa ("tari_id", "tari_precio", "tari_dia", "tari_aerol_id") values ('22', '570000', 'lunes', '4');
	insert into tarifa ("tari_id", "tari_precio", "tari_dia", "tari_aerol_id") values ('23', '570000', 'martes', '4');
	insert into tarifa ("tari_id", "tari_precio", "tari_dia", "tari_aerol_id") values ('24', '570000', 'miercoles', '4');
	insert into tarifa ("tari_id", "tari_precio", "tari_dia", "tari_aerol_id") values ('25', '570000', 'jueves', '4');
	insert into tarifa ("tari_id", "tari_precio", "tari_dia", "tari_aerol_id") values ('26', '570000', 'viernes', '4');
	insert into tarifa ("tari_id", "tari_precio", "tari_dia", "tari_aerol_id") values ('27', '627000', 'sabado', '4');
	insert into tarifa ("tari_id", "tari_precio", "tari_dia", "tari_aerol_id") values ('28', '627000', 'domingo', '4');
	insert into tarifa ("tari_id", "tari_precio", "tari_dia", "tari_aerol_id") values ('29', '583200', 'lunes', '5');
	insert into tarifa ("tari_id", "tari_precio", "tari_dia", "tari_aerol_id") values ('30', '583200', 'martes', '5');
	insert into tarifa ("tari_id", "tari_precio", "tari_dia", "tari_aerol_id") values ('31', '583200', 'miercoles', '5');
	insert into tarifa ("tari_id", "tari_precio", "tari_dia", "tari_aerol_id") values ('32', '583200', 'jueves', '5');
	insert into tarifa ("tari_id", "tari_precio", "tari_dia", "tari_aerol_id") values ('33', '583200', 'viernes', '5');
	insert into tarifa ("tari_id", "tari_precio", "tari_dia", "tari_aerol_id") values ('34', '641520', 'sabado', '5');
	insert into tarifa ("tari_id", "tari_precio", "tari_dia", "tari_aerol_id") values ('35', '641520', 'domingo', '5');
	commit;
	*/



	begin transaction;
	/*
	insert into vuelo ("vuel_id", "vuel_aerol_id", "vuel_ruta_id", "vuel_fecha", "vuel_precio") values ('500', '1', '1', '2013-12-1', '100000');
	insert into vuelo ("vuel_id", "vuel_aerol_id", "vuel_ruta_id", "vuel_fecha", "vuel_precio") values ('501', '1', '1', '2013-11-28', '100000');
	insert into vuelo ("vuel_id", "vuel_aerol_id", "vuel_ruta_id", "vuel_fecha", "vuel_precio") values ('502', '1', '1', '2013-11-28', '100000');
	insert into vuelo ("vuel_id", "vuel_aerol_id", "vuel_ruta_id", "vuel_fecha", "vuel_precio") values ('503', '1', '1', '2013-11-28', '100000');
	insert into vuelo ("vuel_id", "vuel_aerol_id", "vuel_ruta_id", "vuel_fecha", "vuel_precio") values ('504', '1', '1', '2013-11-28', '100000');
	insert into vuelo ("vuel_id", "vuel_aerol_id", "vuel_ruta_id", "vuel_fecha", "vuel_precio") values ('505', '1', '1', '2013-11-28', '100000');
	insert into vuelo ("vuel_id", "vuel_aerol_id", "vuel_ruta_id", "vuel_fecha", "vuel_precio") values ('506', '1', '1', '2013-11-28', '100000');
	insert into vuelo ("vuel_id", "vuel_aerol_id", "vuel_ruta_id", "vuel_fecha", "vuel_precio") values ('507', '1', '1', '2013-11-28', '100000');
	insert into vuelo ("vuel_id", "vuel_aerol_id", "vuel_ruta_id", "vuel_fecha", "vuel_precio") values ('508', '1', '2', '2013-11-28', '100000');
	insert into vuelo ("vuel_id", "vuel_aerol_id", "vuel_ruta_id", "vuel_fecha", "vuel_precio") values ('509', '1', '2', '2013-11-28', '100000');
	insert into vuelo ("vuel_id", "vuel_aerol_id", "vuel_ruta_id", "vuel_fecha", "vuel_precio") values ('510', '1', '2', '2013-11-28', '100000');
	insert into vuelo ("vuel_id", "vuel_aerol_id", "vuel_ruta_id", "vuel_fecha", "vuel_precio") values ('511', '1', '2', '2013-11-28', '100000');
	insert into vuelo ("vuel_id", "vuel_aerol_id", "vuel_ruta_id", "vuel_fecha", "vuel_precio") values ('512', '1', '2', '2013-11-28', '100000');
	insert into vuelo ("vuel_id", "vuel_aerol_id", "vuel_ruta_id", "vuel_fecha", "vuel_precio") values ('513', '1', '2', '2013-11-28', '100000');
	insert into vuelo ("vuel_id", "vuel_aerol_id", "vuel_ruta_id", "vuel_fecha", "vuel_precio") values ('514', '1', '3', '2013-11-28', '100000');
	insert into vuelo ("vuel_id", "vuel_aerol_id", "vuel_ruta_id", "vuel_fecha", "vuel_precio") values ('515', '1', '3', '2013-11-28', '100000');
	insert into vuelo ("vuel_id", "vuel_aerol_id", "vuel_ruta_id", "vuel_fecha", "vuel_precio") values ('516', '1', '3', '2013-11-28', '100000');
	insert into vuelo ("vuel_id", "vuel_aerol_id", "vuel_ruta_id", "vuel_fecha", "vuel_precio") values ('517', '1', '3', '2013-11-28', '100000');
	insert into vuelo ("vuel_id", "vuel_aerol_id", "vuel_ruta_id", "vuel_fecha", "vuel_precio") values ('518', '1', '3', '2013-11-28', '100000');
	insert into vuelo ("vuel_id", "vuel_aerol_id", "vuel_ruta_id", "vuel_fecha", "vuel_precio") values ('519', '1', '3', '2013-11-25', '100000');
	insert into vuelo ("vuel_id", "vuel_aerol_id", "vuel_ruta_id", "vuel_fecha", "vuel_precio") values ('520', '1', '3', '2013-11-25', '100000');
	insert into vuelo ("vuel_id", "vuel_aerol_id", "vuel_ruta_id", "vuel_fecha", "vuel_precio") values ('521', '1', '3', '2013-11-25', '100000');
	insert into vuelo ("vuel_id", "vuel_aerol_id", "vuel_ruta_id", "vuel_fecha", "vuel_precio") values ('522', '1', '4', '2013-11-25', '100000');
	insert into vuelo ("vuel_id", "vuel_aerol_id", "vuel_ruta_id", "vuel_fecha", "vuel_precio") values ('523', '1', '4', '2013-11-25', '100000');
	insert into vuelo ("vuel_id", "vuel_aerol_id", "vuel_ruta_id", "vuel_fecha", "vuel_precio") values ('524', '1', '4', '2013-11-25', '100000');
	insert into vuelo ("vuel_id", "vuel_aerol_id", "vuel_ruta_id", "vuel_fecha", "vuel_precio") values ('525', '1', '4', '2013-11-25', '100000');
	insert into vuelo ("vuel_id", "vuel_aerol_id", "vuel_ruta_id", "vuel_fecha", "vuel_precio") values ('526', '1', '4', '2013-11-25', '100000');
	insert into vuelo ("vuel_id", "vuel_aerol_id", "vuel_ruta_id", "vuel_fecha", "vuel_precio") values ('527', '1', '4', '2013-11-25', '100000');
	insert into vuelo ("vuel_id", "vuel_aerol_id", "vuel_ruta_id", "vuel_fecha", "vuel_precio") values ('528', '1', '5', '2013-11-25', '100000');
	insert into vuelo ("vuel_id", "vuel_aerol_id", "vuel_ruta_id", "vuel_fecha", "vuel_precio") values ('529', '1', '5', '2013-11-25', '100000');
	insert into vuelo ("vuel_id", "vuel_aerol_id", "vuel_ruta_id", "vuel_fecha", "vuel_precio") values ('530', '1', '5', '2013-11-25', '100000');
	insert into vuelo ("vuel_id", "vuel_aerol_id", "vuel_ruta_id", "vuel_fecha", "vuel_precio") values ('531', '1', '5', '2013-11-25', '100000');
	insert into vuelo ("vuel_id", "vuel_aerol_id", "vuel_ruta_id", "vuel_fecha", "vuel_precio") values ('532', '1', '5', '2013-11-25', '100000');
	insert into vuelo ("vuel_id", "vuel_aerol_id", "vuel_ruta_id", "vuel_fecha", "vuel_precio") values ('533', '1', '5', '2013-11-25', '100000');
	insert into vuelo ("vuel_id", "vuel_aerol_id", "vuel_ruta_id", "vuel_fecha", "vuel_precio") values ('534', '1', '6', '2013-11-25', '100000');
	insert into vuelo ("vuel_id", "vuel_aerol_id", "vuel_ruta_id", "vuel_fecha", "vuel_precio") values ('535', '1', '6', '2013-11-25', '100000');
	insert into vuelo ("vuel_id", "vuel_aerol_id", "vuel_ruta_id", "vuel_fecha", "vuel_precio") values ('536', '1', '6', '2013-11-25', '100000');
	insert into vuelo ("vuel_id", "vuel_aerol_id", "vuel_ruta_id", "vuel_fecha", "vuel_precio") values ('537', '1', '6', '2013-11-25', '100000');
	insert into vuelo ("vuel_id", "vuel_aerol_id", "vuel_ruta_id", "vuel_fecha", "vuel_precio") values ('538', '1', '6', '2013-11-25', '100000');
	insert into vuelo ("vuel_id", "vuel_aerol_id", "vuel_ruta_id", "vuel_fecha", "vuel_precio") values ('539', '1', '6', '2013-11-25', '100000');
	insert into vuelo ("vuel_id", "vuel_aerol_id", "vuel_ruta_id", "vuel_fecha", "vuel_precio") values ('540', '1', '6', '2013-11-25', '100000');
	insert into vuelo ("vuel_id", "vuel_aerol_id", "vuel_ruta_id", "vuel_fecha", "vuel_precio") values ('541', '1', '6', '2013-11-25', '100000');
	insert into vuelo ("vuel_id", "vuel_aerol_id", "vuel_ruta_id", "vuel_fecha", "vuel_precio") values ('542', '1', '7', '2013-11-25', '100000');
	insert into vuelo ("vuel_id", "vuel_aerol_id", "vuel_ruta_id", "vuel_fecha", "vuel_precio") values ('543', '1', '7', '2013-11-25', '100000');
	insert into vuelo ("vuel_id", "vuel_aerol_id", "vuel_ruta_id", "vuel_fecha", "vuel_precio") values ('544', '1', '7', '2013-11-25', '100000');
	insert into vuelo ("vuel_id", "vuel_aerol_id", "vuel_ruta_id", "vuel_fecha", "vuel_precio") values ('545', '1', '7', '2013-11-25', '100000');
	insert into vuelo ("vuel_id", "vuel_aerol_id", "vuel_ruta_id", "vuel_fecha", "vuel_precio") values ('546', '1', '7', '2013-11-25', '100000');
	insert into vuelo ("vuel_id", "vuel_aerol_id", "vuel_ruta_id", "vuel_fecha", "vuel_precio") values ('547', '1', '7', '2013-11-25', '100000');
	insert into vuelo ("vuel_id", "vuel_aerol_id", "vuel_ruta_id", "vuel_fecha", "vuel_precio") values ('548', '1', '7', '2013-11-25', '100000');
	insert into vuelo ("vuel_id", "vuel_aerol_id", "vuel_ruta_id", "vuel_fecha", "vuel_precio") values ('549', '1', '7', '2013-11-25', '100000');
	insert into vuelo ("vuel_id", "vuel_aerol_id", "vuel_ruta_id", "vuel_fecha", "vuel_precio") values ('550', '1', '8', '2013-11-25', '100000');
	insert into vuelo ("vuel_id", "vuel_aerol_id", "vuel_ruta_id", "vuel_fecha", "vuel_precio") values ('551', '1', '8', '2013-11-25', '100000');
	insert into vuelo ("vuel_id", "vuel_aerol_id", "vuel_ruta_id", "vuel_fecha", "vuel_precio") values ('552', '1', '8', '2013-11-25', '100000');
	insert into vuelo ("vuel_id", "vuel_aerol_id", "vuel_ruta_id", "vuel_fecha", "vuel_precio") values ('553', '1', '8', '2013-11-25', '100000');
	insert into vuelo ("vuel_id", "vuel_aerol_id", "vuel_ruta_id", "vuel_fecha", "vuel_precio") values ('554', '1', '8', '2013-11-25', '100000');
	insert into vuelo ("vuel_id", "vuel_aerol_id", "vuel_ruta_id", "vuel_fecha", "vuel_precio") values ('555', '1', '8', '2013-11-25', '100000');
	insert into vuelo ("vuel_id", "vuel_aerol_id", "vuel_ruta_id", "vuel_fecha", "vuel_precio") values ('556', '1', '8', '2013-11-25', '100000');
	insert into vuelo ("vuel_id", "vuel_aerol_id", "vuel_ruta_id", "vuel_fecha", "vuel_precio") values ('557', '1', '8', '2013-11-25', '100000');
	insert into vuelo ("vuel_id", "vuel_aerol_id", "vuel_ruta_id", "vuel_fecha", "vuel_precio") values ('558', '1', '9', '2013-11-25', '100000');
	insert into vuelo ("vuel_id", "vuel_aerol_id", "vuel_ruta_id", "vuel_fecha", "vuel_precio") values ('559', '1', '9', '2013-11-25', '100000');
	insert into vuelo ("vuel_id", "vuel_aerol_id", "vuel_ruta_id", "vuel_fecha", "vuel_precio") values ('560', '1', '9', '2013-11-25', '100000');
	insert into vuelo ("vuel_id", "vuel_aerol_id", "vuel_ruta_id", "vuel_fecha", "vuel_precio") values ('561', '1', '9', '2013-11-25', '100000');
	insert into vuelo ("vuel_id", "vuel_aerol_id", "vuel_ruta_id", "vuel_fecha", "vuel_precio") values ('562', '1', '9', '2013-11-25', '100000');
	insert into vuelo ("vuel_id", "vuel_aerol_id", "vuel_ruta_id", "vuel_fecha", "vuel_precio") values ('563', '1', '9', '2013-11-25', '100000');
	insert into vuelo ("vuel_id", "vuel_aerol_id", "vuel_ruta_id", "vuel_fecha", "vuel_precio") values ('564', '1', '9', '2013-11-25', '100000');
	insert into vuelo ("vuel_id", "vuel_aerol_id", "vuel_ruta_id", "vuel_fecha", "vuel_precio") values ('565', '1', '9', '2013-11-25', '100000');
	insert into vuelo ("vuel_id", "vuel_aerol_id", "vuel_ruta_id", "vuel_fecha", "vuel_precio") values ('566', '1', '10', '201-11-25', '100000');
	insert into vuelo ("vuel_id", "vuel_aerol_id", "vuel_ruta_id", "vuel_fecha", "vuel_precio") values ('567', '1', '10', '201-11-25', '100000');
	insert into vuelo ("vuel_id", "vuel_aerol_id", "vuel_ruta_id", "vuel_fecha", "vuel_precio") values ('568', '1', '10', '201-11-25', '100000');
	insert into vuelo ("vuel_id", "vuel_aerol_id", "vuel_ruta_id", "vuel_fecha", "vuel_precio") values ('569', '1', '10', '201-11-25', '100000');
	insert into vuelo ("vuel_id", "vuel_aerol_id", "vuel_ruta_id", "vuel_fecha", "vuel_precio") values ('570', '1', '10', '201-11-25', '100000');
	insert into vuelo ("vuel_id", "vuel_aerol_id", "vuel_ruta_id", "vuel_fecha", "vuel_precio") values ('571', '1', '10', '201-11-25', '100000');
	insert into vuelo ("vuel_id", "vuel_aerol_id", "vuel_ruta_id", "vuel_fecha", "vuel_precio") values ('572', '1', '11', '201-11-25', '100000');
	insert into vuelo ("vuel_id", "vuel_aerol_id", "vuel_ruta_id", "vuel_fecha", "vuel_precio") values ('573', '1', '11', '201-11-25', '100000');
	insert into vuelo ("vuel_id", "vuel_aerol_id", "vuel_ruta_id", "vuel_fecha", "vuel_precio") values ('574', '1', '11', '201-11-25', '100000');
	insert into vuelo ("vuel_id", "vuel_aerol_id", "vuel_ruta_id", "vuel_fecha", "vuel_precio") values ('575', '1', '11', '201-11-25', '100000');
	insert into vuelo ("vuel_id", "vuel_aerol_id", "vuel_ruta_id", "vuel_fecha", "vuel_precio") values ('576', '1', '11', '201-11-25', '100000');
	insert into vuelo ("vuel_id", "vuel_aerol_id", "vuel_ruta_id", "vuel_fecha", "vuel_precio") values ('577', '1', '11', '201-11-25', '100000');
	insert into vuelo ("vuel_id", "vuel_aerol_id", "vuel_ruta_id", "vuel_fecha", "vuel_precio") values ('578', '1', '11', '201-11-25', '100000');
	insert into vuelo ("vuel_id", "vuel_aerol_id", "vuel_ruta_id", "vuel_fecha", "vuel_precio") values ('579', '1', '11', '201-11-25', '100000');
	insert into vuelo ("vuel_id", "vuel_aerol_id", "vuel_ruta_id", "vuel_fecha", "vuel_precio") values ('580', '1', '12', '201-11-25', '100000');
	insert into vuelo ("vuel_id", "vuel_aerol_id", "vuel_ruta_id", "vuel_fecha", "vuel_precio") values ('581', '1', '12', '201-11-25', '100000');
	insert into vuelo ("vuel_id", "vuel_aerol_id", "vuel_ruta_id", "vuel_fecha", "vuel_precio") values ('582', '1', '12', '201-11-25', '100000');
	insert into vuelo ("vuel_id", "vuel_aerol_id", "vuel_ruta_id", "vuel_fecha", "vuel_precio") values ('583', '1', '12', '201-11-25', '100000');
	insert into vuelo ("vuel_id", "vuel_aerol_id", "vuel_ruta_id", "vuel_fecha", "vuel_precio") values ('584', '1', '12', '201-11-25', '100000');
	insert into vuelo ("vuel_id", "vuel_aerol_id", "vuel_ruta_id", "vuel_fecha", "vuel_precio") values ('585', '1', '12', '201-11-25', '100000');
	insert into vuelo ("vuel_id", "vuel_aerol_id", "vuel_ruta_id", "vuel_fecha", "vuel_precio") values ('586', '1', '12', '201-11-25', '100000');
	insert into vuelo ("vuel_id", "vuel_aerol_id", "vuel_ruta_id", "vuel_fecha", "vuel_precio") values ('587', '1', '12', '201-11-25', '100000');
	insert into vuelo ("vuel_id", "vuel_aerol_id", "vuel_ruta_id", "vuel_fecha", "vuel_precio") values ('588', '1', '13', '201-11-25', '100000');
	insert into vuelo ("vuel_id", "vuel_aerol_id", "vuel_ruta_id", "vuel_fecha", "vuel_precio") values ('589', '1', '13', '201-11-25', '100000');
	insert into vuelo ("vuel_id", "vuel_aerol_id", "vuel_ruta_id", "vuel_fecha", "vuel_precio") values ('590', '1', '13', '201-11-25', '100000');
	insert into vuelo ("vuel_id", "vuel_aerol_id", "vuel_ruta_id", "vuel_fecha", "vuel_precio") values ('591', '1', '13', '201-11-25', '100000');
	insert into vuelo ("vuel_id", "vuel_aerol_id", "vuel_ruta_id", "vuel_fecha", "vuel_precio") values ('592', '1', '13', '201-11-25', '100000');
	insert into vuelo ("vuel_id", "vuel_aerol_id", "vuel_ruta_id", "vuel_fecha", "vuel_precio") values ('593', '1', '13', '201-11-25', '100000');
	insert into vuelo ("vuel_id", "vuel_aerol_id", "vuel_ruta_id", "vuel_fecha", "vuel_precio") values ('594', '1', '13', '201-11-25', '100000');
	insert into vuelo ("vuel_id", "vuel_aerol_id", "vuel_ruta_id", "vuel_fecha", "vuel_precio") values ('595', '1', '13', '201-11-25', '100000');
	insert into vuelo ("vuel_id", "vuel_aerol_id", "vuel_ruta_id", "vuel_fecha", "vuel_precio") values ('596', '1', '14', '201-11-25', '100000');
	insert into vuelo ("vuel_id", "vuel_aerol_id", "vuel_ruta_id", "vuel_fecha", "vuel_precio") values ('597', '1', '14', '201-11-25', '100000');
	insert into vuelo ("vuel_id", "vuel_aerol_id", "vuel_ruta_id", "vuel_fecha", "vuel_precio") values ('598', '1', '14', '201-11-25', '100000');
	insert into vuelo ("vuel_id", "vuel_aerol_id", "vuel_ruta_id", "vuel_fecha", "vuel_precio") values ('599', '1', '14', '201-11-25', '100000');
	insert into vuelo ("vuel_id", "vuel_aerol_id", "vuel_ruta_id", "vuel_fecha", "vuel_precio") values ('600', '1', '14', '201-11-25', '100000');
	insert into vuelo ("vuel_id", "vuel_aerol_id", "vuel_ruta_id", "vuel_fecha", "vuel_precio") values ('601', '1', '14', '201-11-25', '100000');
	insert into vuelo ("vuel_id", "vuel_aerol_id", "vuel_ruta_id", "vuel_fecha", "vuel_precio") values ('602', '1', '14', '201-11-25', '100000');
	insert into vuelo ("vuel_id", "vuel_aerol_id", "vuel_ruta_id", "vuel_fecha", "vuel_precio") values ('603', '1', '14', '201-11-25', '100000');
	insert into vuelo ("vuel_id", "vuel_aerol_id", "vuel_ruta_id", "vuel_fecha", "vuel_precio") values ('604', '1', '15', '201-11-25', '100000');
	insert into vuelo ("vuel_id", "vuel_aerol_id", "vuel_ruta_id", "vuel_fecha", "vuel_precio") values ('605', '1', '15', '201-11-25', '100000');
	insert into vuelo ("vuel_id", "vuel_aerol_id", "vuel_ruta_id", "vuel_fecha", "vuel_precio") values ('606', '1', '15', '201-11-25', '100000');
	insert into vuelo ("vuel_id", "vuel_aerol_id", "vuel_ruta_id", "vuel_fecha", "vuel_precio") values ('607', '1', '15', '201-11-25', '100000');
	insert into vuelo ("vuel_id", "vuel_aerol_id", "vuel_ruta_id", "vuel_fecha", "vuel_precio") values ('608', '1', '15', '201-11-25', '100000');
	insert into vuelo ("vuel_id", "vuel_aerol_id", "vuel_ruta_id", "vuel_fecha", "vuel_precio") values ('609', '1', '15', '201-11-25', '100000');
	insert into vuelo ("vuel_id", "vuel_aerol_id", "vuel_ruta_id", "vuel_fecha", "vuel_precio") values ('610', '1', '16', '201-11-25', '100000');
	insert into vuelo ("vuel_id", "vuel_aerol_id", "vuel_ruta_id", "vuel_fecha", "vuel_precio") values ('611', '1', '16', '201-11-25', '100000');
	insert into vuelo ("vuel_id", "vuel_aerol_id", "vuel_ruta_id", "vuel_fecha", "vuel_precio") values ('612', '1', '16', '201-11-25', '100000');
	insert into vuelo ("vuel_id", "vuel_aerol_id", "vuel_ruta_id", "vuel_fecha", "vuel_precio") values ('613', '1', '16', '201-11-25', '100000');
	insert into vuelo ("vuel_id", "vuel_aerol_id", "vuel_ruta_id", "vuel_fecha", "vuel_precio") values ('614', '1', '16', '201-11-25', '100000');
	insert into vuelo ("vuel_id", "vuel_aerol_id", "vuel_ruta_id", "vuel_fecha", "vuel_precio") values ('615', '1', '16', '201-11-25', '100000');
	insert into vuelo ("vuel_id", "vuel_aerol_id", "vuel_ruta_id", "vuel_fecha", "vuel_precio") values ('616', '2', '32', '201-11-25', '100000');
	insert into vuelo ("vuel_id", "vuel_aerol_id", "vuel_ruta_id", "vuel_fecha", "vuel_precio") values ('617', '2', '32', '201-11-25', '100000');
	insert into vuelo ("vuel_id", "vuel_aerol_id", "vuel_ruta_id", "vuel_fecha", "vuel_precio") values ('618', '2', '32', '201-11-25', '100000');
	insert into vuelo ("vuel_id", "vuel_aerol_id", "vuel_ruta_id", "vuel_fecha", "vuel_precio") values ('619', '2', '32', '201-11-25', '100000');
	insert into vuelo ("vuel_id", "vuel_aerol_id", "vuel_ruta_id", "vuel_fecha", "vuel_precio") values ('620', '2', '32', '201-11-25', '100000');
	insert into vuelo ("vuel_id", "vuel_aerol_id", "vuel_ruta_id", "vuel_fecha", "vuel_precio") values ('621', '2', '32', '201-11-25', '100000');
	insert into vuelo ("vuel_id", "vuel_aerol_id", "vuel_ruta_id", "vuel_fecha", "vuel_precio") values ('622', '2', '32', '201-11-25', '100000');
	insert into vuelo ("vuel_id", "vuel_aerol_id", "vuel_ruta_id", "vuel_fecha", "vuel_precio") values ('623', '2', '32', '201-11-25', '100000');
	insert into vuelo ("vuel_id", "vuel_aerol_id", "vuel_ruta_id", "vuel_fecha", "vuel_precio") values ('624', '2', '33', '201-11-25', '100000');
	insert into vuelo ("vuel_id", "vuel_aerol_id", "vuel_ruta_id", "vuel_fecha", "vuel_precio") values ('625', '2', '33', '201-11-25', '100000');
	insert into vuelo ("vuel_id", "vuel_aerol_id", "vuel_ruta_id", "vuel_fecha", "vuel_precio") values ('626', '2', '33', '201-11-25', '100000');
	insert into vuelo ("vuel_id", "vuel_aerol_id", "vuel_ruta_id", "vuel_fecha", "vuel_precio") values ('627', '2', '33', '201-11-25', '100000');
	insert into vuelo ("vuel_id", "vuel_aerol_id", "vuel_ruta_id", "vuel_fecha", "vuel_precio") values ('628', '2', '33', '201-11-25', '100000');
	insert into vuelo ("vuel_id", "vuel_aerol_id", "vuel_ruta_id", "vuel_fecha", "vuel_precio") values ('629', '2', '33', '201-11-25', '100000');
	insert into vuelo ("vuel_id", "vuel_aerol_id", "vuel_ruta_id", "vuel_fecha", "vuel_precio") values ('630', '2', '34', '201-11-25', '100000');
	insert into vuelo ("vuel_id", "vuel_aerol_id", "vuel_ruta_id", "vuel_fecha", "vuel_precio") values ('631', '2', '34', '201-11-25', '100000');
	insert into vuelo ("vuel_id", "vuel_aerol_id", "vuel_ruta_id", "vuel_fecha", "vuel_precio") values ('632', '2', '34', '201-11-25', '100000');
	insert into vuelo ("vuel_id", "vuel_aerol_id", "vuel_ruta_id", "vuel_fecha", "vuel_precio") values ('633', '2', '34', '201-11-25', '100000');
	insert into vuelo ("vuel_id", "vuel_aerol_id", "vuel_ruta_id", "vuel_fecha", "vuel_precio") values ('634', '2', '34', '201-11-25', '100000');
	insert into vuelo ("vuel_id", "vuel_aerol_id", "vuel_ruta_id", "vuel_fecha", "vuel_precio") values ('635', '2', '34', '201-11-25', '100000');
	insert into vuelo ("vuel_id", "vuel_aerol_id", "vuel_ruta_id", "vuel_fecha", "vuel_precio") values ('636', '2', '34', '201-11-25', '100000');
	insert into vuelo ("vuel_id", "vuel_aerol_id", "vuel_ruta_id", "vuel_fecha", "vuel_precio") values ('637', '2', '34', '201-11-25', '100000');
	insert into vuelo ("vuel_id", "vuel_aerol_id", "vuel_ruta_id", "vuel_fecha", "vuel_precio") values ('638', '2', '35', '201-11-25', '100000');
	insert into vuelo ("vuel_id", "vuel_aerol_id", "vuel_ruta_id", "vuel_fecha", "vuel_precio") values ('639', '2', '35', '201-11-25', '100000');
	insert into vuelo ("vuel_id", "vuel_aerol_id", "vuel_ruta_id", "vuel_fecha", "vuel_precio") values ('640', '2', '35', '201-11-25', '100000');
	insert into vuelo ("vuel_id", "vuel_aerol_id", "vuel_ruta_id", "vuel_fecha", "vuel_precio") values ('641', '2', '35', '201-11-25', '100000');
	insert into vuelo ("vuel_id", "vuel_aerol_id", "vuel_ruta_id", "vuel_fecha", "vuel_precio") values ('642', '2', '35', '201-11-25', '100000');
	insert into vuelo ("vuel_id", "vuel_aerol_id", "vuel_ruta_id", "vuel_fecha", "vuel_precio") values ('643', '2', '35', '201-11-25', '100000');
	insert into vuelo ("vuel_id", "vuel_aerol_id", "vuel_ruta_id", "vuel_fecha", "vuel_precio") values ('644', '2', '36', '201-11-25', '100000');
	insert into vuelo ("vuel_id", "vuel_aerol_id", "vuel_ruta_id", "vuel_fecha", "vuel_precio") values ('645', '2', '36', '201-11-25', '100000');
	insert into vuelo ("vuel_id", "vuel_aerol_id", "vuel_ruta_id", "vuel_fecha", "vuel_precio") values ('646', '2', '36', '201-11-25', '100000');
	insert into vuelo ("vuel_id", "vuel_aerol_id", "vuel_ruta_id", "vuel_fecha", "vuel_precio") values ('647', '2', '36', '201-11-25', '100000');
	insert into vuelo ("vuel_id", "vuel_aerol_id", "vuel_ruta_id", "vuel_fecha", "vuel_precio") values ('648', '2', '36', '201-11-25', '100000');
	insert into vuelo ("vuel_id", "vuel_aerol_id", "vuel_ruta_id", "vuel_fecha", "vuel_precio") values ('649', '2', '36', '201-11-25', '100000');
	insert into vuelo ("vuel_id", "vuel_aerol_id", "vuel_ruta_id", "vuel_fecha", "vuel_precio") values ('650', '2', '37', '201-11-25', '100000');
	insert into vuelo ("vuel_id", "vuel_aerol_id", "vuel_ruta_id", "vuel_fecha", "vuel_precio") values ('651', '2', '37', '201-11-25', '100000');
	insert into vuelo ("vuel_id", "vuel_aerol_id", "vuel_ruta_id", "vuel_fecha", "vuel_precio") values ('652', '2', '37', '201-11-25', '100000');
	insert into vuelo ("vuel_id", "vuel_aerol_id", "vuel_ruta_id", "vuel_fecha", "vuel_precio") values ('653', '2', '37', '201-11-25', '100000');
	insert into vuelo ("vuel_id", "vuel_aerol_id", "vuel_ruta_id", "vuel_fecha", "vuel_precio") values ('654', '2', '37', '201-11-25', '100000');
	insert into vuelo ("vuel_id", "vuel_aerol_id", "vuel_ruta_id", "vuel_fecha", "vuel_precio") values ('655', '2', '37', '201-11-25', '100000');
	insert into vuelo ("vuel_id", "vuel_aerol_id", "vuel_ruta_id", "vuel_fecha", "vuel_precio") values ('656', '2', '37', '201-11-25', '100000');
	insert into vuelo ("vuel_id", "vuel_aerol_id", "vuel_ruta_id", "vuel_fecha", "vuel_precio") values ('657', '2', '37', '201-11-25', '100000');
	insert into vuelo ("vuel_id", "vuel_aerol_id", "vuel_ruta_id", "vuel_fecha", "vuel_precio") values ('658', '2', '38', '201-11-25', '100000');
	insert into vuelo ("vuel_id", "vuel_aerol_id", "vuel_ruta_id", "vuel_fecha", "vuel_precio") values ('659', '2', '38', '201-11-25', '100000');
	insert into vuelo ("vuel_id", "vuel_aerol_id", "vuel_ruta_id", "vuel_fecha", "vuel_precio") values ('660', '2', '38', '201-11-25', '100000');
	insert into vuelo ("vuel_id", "vuel_aerol_id", "vuel_ruta_id", "vuel_fecha", "vuel_precio") values ('661', '2', '38', '201-11-25', '100000');
	insert into vuelo ("vuel_id", "vuel_aerol_id", "vuel_ruta_id", "vuel_fecha", "vuel_precio") values ('662', '2', '38', '201-11-25', '100000');
	insert into vuelo ("vuel_id", "vuel_aerol_id", "vuel_ruta_id", "vuel_fecha", "vuel_precio") values ('663', '2', '38', '201-11-25', '100000');
	insert into vuelo ("vuel_id", "vuel_aerol_id", "vuel_ruta_id", "vuel_fecha", "vuel_precio") values ('664', '2', '38', '201-11-25', '100000');
	insert into vuelo ("vuel_id", "vuel_aerol_id", "vuel_ruta_id", "vuel_fecha", "vuel_precio") values ('665', '2', '38', '201-11-25', '100000');
	insert into vuelo ("vuel_id", "vuel_aerol_id", "vuel_ruta_id", "vuel_fecha", "vuel_precio") values ('666', '2', '39', '201-11-25', '100000');
	insert into vuelo ("vuel_id", "vuel_aerol_id", "vuel_ruta_id", "vuel_fecha", "vuel_precio") values ('667', '2', '39', '201-11-25', '100000');
	insert into vuelo ("vuel_id", "vuel_aerol_id", "vuel_ruta_id", "vuel_fecha", "vuel_precio") values ('668', '2', '39', '201-11-25', '100000');
	insert into vuelo ("vuel_id", "vuel_aerol_id", "vuel_ruta_id", "vuel_fecha", "vuel_precio") values ('669', '2', '39', '201-11-25', '100000');
	insert into vuelo ("vuel_id", "vuel_aerol_id", "vuel_ruta_id", "vuel_fecha", "vuel_precio") values ('670', '2', '39', '201-11-25', '100000');
	insert into vuelo ("vuel_id", "vuel_aerol_id", "vuel_ruta_id", "vuel_fecha", "vuel_precio") values ('671', '2', '39', '201-11-25', '100000');
	insert into vuelo ("vuel_id", "vuel_aerol_id", "vuel_ruta_id", "vuel_fecha", "vuel_precio") values ('672', '2', '39', '201-11-25', '100000');
	insert into vuelo ("vuel_id", "vuel_aerol_id", "vuel_ruta_id", "vuel_fecha", "vuel_precio") values ('673', '2', '39', '201-11-25', '100000');
	insert into vuelo ("vuel_id", "vuel_aerol_id", "vuel_ruta_id", "vuel_fecha", "vuel_precio") values ('674', '2', '40', '201-11-25', '100000');
	insert into vuelo ("vuel_id", "vuel_aerol_id", "vuel_ruta_id", "vuel_fecha", "vuel_precio") values ('675', '2', '40', '201-11-25', '100000');
	insert into vuelo ("vuel_id", "vuel_aerol_id", "vuel_ruta_id", "vuel_fecha", "vuel_precio") values ('676', '2', '40', '201-11-25', '100000');
	insert into vuelo ("vuel_id", "vuel_aerol_id", "vuel_ruta_id", "vuel_fecha", "vuel_precio") values ('677', '2', '40', '201-11-25', '100000');
	insert into vuelo ("vuel_id", "vuel_aerol_id", "vuel_ruta_id", "vuel_fecha", "vuel_precio") values ('678', '2', '40', '201-11-25', '100000');
	insert into vuelo ("vuel_id", "vuel_aerol_id", "vuel_ruta_id", "vuel_fecha", "vuel_precio") values ('679', '2', '40', '201-11-25', '100000');
	insert into vuelo ("vuel_id", "vuel_aerol_id", "vuel_ruta_id", "vuel_fecha", "vuel_precio") values ('680', '2', '40', '201-11-25', '100000');
	insert into vuelo ("vuel_id", "vuel_aerol_id", "vuel_ruta_id", "vuel_fecha", "vuel_precio") values ('681', '2', '40', '201-11-25', '100000');
	insert into vuelo ("vuel_id", "vuel_aerol_id", "vuel_ruta_id", "vuel_fecha", "vuel_precio") values ('682', '2', '41', '201-11-25', '100000');
	insert into vuelo ("vuel_id", "vuel_aerol_id", "vuel_ruta_id", "vuel_fecha", "vuel_precio") values ('683', '2', '41', '201-11-25', '100000');
	insert into vuelo ("vuel_id", "vuel_aerol_id", "vuel_ruta_id", "vuel_fecha", "vuel_precio") values ('684', '2', '41', '201-11-25', '100000');
	insert into vuelo ("vuel_id", "vuel_aerol_id", "vuel_ruta_id", "vuel_fecha", "vuel_precio") values ('685', '2', '41', '201-11-25', '100000');
	insert into vuelo ("vuel_id", "vuel_aerol_id", "vuel_ruta_id", "vuel_fecha", "vuel_precio") values ('686', '2', '41', '201-11-25', '100000');
	insert into vuelo ("vuel_id", "vuel_aerol_id", "vuel_ruta_id", "vuel_fecha", "vuel_precio") values ('687', '2', '41', '201-11-25', '100000');
	insert into vuelo ("vuel_id", "vuel_aerol_id", "vuel_ruta_id", "vuel_fecha", "vuel_precio") values ('688', '2', '42', '201-11-25', '100000');
	insert into vuelo ("vuel_id", "vuel_aerol_id", "vuel_ruta_id", "vuel_fecha", "vuel_precio") values ('689', '2', '42', '201-11-25', '100000');
	insert into vuelo ("vuel_id", "vuel_aerol_id", "vuel_ruta_id", "vuel_fecha", "vuel_precio") values ('690', '2', '42', '201-11-25', '100000');
	insert into vuelo ("vuel_id", "vuel_aerol_id", "vuel_ruta_id", "vuel_fecha", "vuel_precio") values ('691', '2', '42', '201-11-25', '100000');
	insert into vuelo ("vuel_id", "vuel_aerol_id", "vuel_ruta_id", "vuel_fecha", "vuel_precio") values ('692', '2', '42', '201-11-25', '100000');
	insert into vuelo ("vuel_id", "vuel_aerol_id", "vuel_ruta_id", "vuel_fecha", "vuel_precio") values ('693', '2', '42', '201-11-25', '100000');
	insert into vuelo ("vuel_id", "vuel_aerol_id", "vuel_ruta_id", "vuel_fecha", "vuel_precio") values ('694', '2', '42', '201-11-25', '100000');
	insert into vuelo ("vuel_id", "vuel_aerol_id", "vuel_ruta_id", "vuel_fecha", "vuel_precio") values ('695', '2', '42', '201-11-25', '100000');
	insert into vuelo ("vuel_id", "vuel_aerol_id", "vuel_ruta_id", "vuel_fecha", "vuel_precio") values ('696', '2', '43', '201-11-25', '100000');
	insert into vuelo ("vuel_id", "vuel_aerol_id", "vuel_ruta_id", "vuel_fecha", "vuel_precio") values ('697', '2', '43', '201-11-25', '100000');
	insert into vuelo ("vuel_id", "vuel_aerol_id", "vuel_ruta_id", "vuel_fecha", "vuel_precio") values ('698', '2', '43', '201-11-25', '100000');
	insert into vuelo ("vuel_id", "vuel_aerol_id", "vuel_ruta_id", "vuel_fecha", "vuel_precio") values ('699', '2', '43', '201-11-25', '100000');
	insert into vuelo ("vuel_id", "vuel_aerol_id", "vuel_ruta_id", "vuel_fecha", "vuel_precio") values ('700', '2', '43', '201-11-25', '100000');
	insert into vuelo ("vuel_id", "vuel_aerol_id", "vuel_ruta_id", "vuel_fecha", "vuel_precio") values ('701', '2', '43', '201-11-25', '100000');
	insert into vuelo ("vuel_id", "vuel_aerol_id", "vuel_ruta_id", "vuel_fecha", "vuel_precio") values ('702', '2', '43', '201-11-25', '100000');
	insert into vuelo ("vuel_id", "vuel_aerol_id", "vuel_ruta_id", "vuel_fecha", "vuel_precio") values ('703', '2', '43', '201-11-25', '100000');
	insert into vuelo ("vuel_id", "vuel_aerol_id", "vuel_ruta_id", "vuel_fecha", "vuel_precio") values ('704', '2', '44', '201-11-25', '100000');
	insert into vuelo ("vuel_id", "vuel_aerol_id", "vuel_ruta_id", "vuel_fecha", "vuel_precio") values ('705', '2', '44', '201-11-25', '100000');
	insert into vuelo ("vuel_id", "vuel_aerol_id", "vuel_ruta_id", "vuel_fecha", "vuel_precio") values ('706', '2', '44', '201-11-25', '100000');
	insert into vuelo ("vuel_id", "vuel_aerol_id", "vuel_ruta_id", "vuel_fecha", "vuel_precio") values ('707', '2', '44', '201-11-25', '100000');
	insert into vuelo ("vuel_id", "vuel_aerol_id", "vuel_ruta_id", "vuel_fecha", "vuel_precio") values ('708', '2', '44', '201-11-25', '100000');
	insert into vuelo ("vuel_id", "vuel_aerol_id", "vuel_ruta_id", "vuel_fecha", "vuel_precio") values ('709', '2', '44', '201-11-25', '100000');
	insert into vuelo ("vuel_id", "vuel_aerol_id", "vuel_ruta_id", "vuel_fecha", "vuel_precio") values ('710', '2', '44', '201-11-25', '100000');
	insert into vuelo ("vuel_id", "vuel_aerol_id", "vuel_ruta_id", "vuel_fecha", "vuel_precio") values ('711', '2', '44', '201-11-25', '100000');
	insert into vuelo ("vuel_id", "vuel_aerol_id", "vuel_ruta_id", "vuel_fecha", "vuel_precio") values ('712', '2', '45', '201-11-25', '100000');
	insert into vuelo ("vuel_id", "vuel_aerol_id", "vuel_ruta_id", "vuel_fecha", "vuel_precio") values ('713', '2', '45', '201-11-25', '100000');
	insert into vuelo ("vuel_id", "vuel_aerol_id", "vuel_ruta_id", "vuel_fecha", "vuel_precio") values ('714', '2', '45', '201-11-25', '100000');
	insert into vuelo ("vuel_id", "vuel_aerol_id", "vuel_ruta_id", "vuel_fecha", "vuel_precio") values ('715', '2', '45', '201-11-25', '100000');
	insert into vuelo ("vuel_id", "vuel_aerol_id", "vuel_ruta_id", "vuel_fecha", "vuel_precio") values ('716', '2', '45', '201-11-25', '100000');
	insert into vuelo ("vuel_id", "vuel_aerol_id", "vuel_ruta_id", "vuel_fecha", "vuel_precio") values ('717', '2', '45', '201-11-25', '100000');
	insert into vuelo ("vuel_id", "vuel_aerol_id", "vuel_ruta_id", "vuel_fecha", "vuel_precio") values ('718', '2', '45', '201-11-25', '100000');
	insert into vuelo ("vuel_id", "vuel_aerol_id", "vuel_ruta_id", "vuel_fecha", "vuel_precio") values ('719', '2', '45', '201-11-25', '100000');
	insert into vuelo ("vuel_id", "vuel_aerol_id", "vuel_ruta_id", "vuel_fecha", "vuel_precio") values ('720', '2', '46', '201-11-25', '100000');
	insert into vuelo ("vuel_id", "vuel_aerol_id", "vuel_ruta_id", "vuel_fecha", "vuel_precio") values ('721', '2', '46', '201-11-25', '100000');
	insert into vuelo ("vuel_id", "vuel_aerol_id", "vuel_ruta_id", "vuel_fecha", "vuel_precio") values ('722', '2', '46', '201-11-25', '100000');
	insert into vuelo ("vuel_id", "vuel_aerol_id", "vuel_ruta_id", "vuel_fecha", "vuel_precio") values ('723', '2', '46', '201-11-25', '100000');
	insert into vuelo ("vuel_id", "vuel_aerol_id", "vuel_ruta_id", "vuel_fecha", "vuel_precio") values ('724', '2', '46', '201-11-25', '100000');
	insert into vuelo ("vuel_id", "vuel_aerol_id", "vuel_ruta_id", "vuel_fecha", "vuel_precio") values ('725', '2', '46', '201-11-25', '100000');
	insert into vuelo ("vuel_id", "vuel_aerol_id", "vuel_ruta_id", "vuel_fecha", "vuel_precio") values ('726', '2', '47', '201-11-25', '100000');
	insert into vuelo ("vuel_id", "vuel_aerol_id", "vuel_ruta_id", "vuel_fecha", "vuel_precio") values ('727', '2', '47', '201-11-25', '100000');
	insert into vuelo ("vuel_id", "vuel_aerol_id", "vuel_ruta_id", "vuel_fecha", "vuel_precio") values ('728', '2', '47', '201-11-25', '100000');
	insert into vuelo ("vuel_id", "vuel_aerol_id", "vuel_ruta_id", "vuel_fecha", "vuel_precio") values ('729', '2', '47', '201-11-25', '100000');
	insert into vuelo ("vuel_id", "vuel_aerol_id", "vuel_ruta_id", "vuel_fecha", "vuel_precio") values ('730', '2', '47', '201-11-25', '100000');
	insert into vuelo ("vuel_id", "vuel_aerol_id", "vuel_ruta_id", "vuel_fecha", "vuel_precio") values ('731', '2', '47', '201-11-25', '100000');
	commit;
	*/
	begin transaction;
	insert into aeropuerto ("aerop_id", "aerop_ciud_id", "aerop_nombre", "aerop_direccion") values ('1', '1', 'aeropuerto de antioquia', 'cll 100 # 45 - 32');
	insert into aeropuerto ("aerop_id", "aerop_ciud_id", "aerop_nombre", "aerop_direccion") values ('2', '2', 'aeropuerto de atlantico', 'cr 150 # 85 - 20');
	insert into aeropuerto ("aerop_id", "aerop_ciud_id", "aerop_nombre", "aerop_direccion") values ('3', '3', 'aeropuerto de bogota', 'cr 85 # 52 - 2');
	insert into aeropuerto ("aerop_id", "aerop_ciud_id", "aerop_nombre", "aerop_direccion") values ('4', '4', 'aeropuerto de bolivar', 'cll 32 # 85-74');
	insert into aeropuerto ("aerop_id", "aerop_ciud_id", "aerop_nombre", "aerop_direccion") values ('5', '5', 'aeropuerto de boyaca', 'tv 5 # 46-85');
	insert into aeropuerto ("aerop_id", "aerop_ciud_id", "aerop_nombre", "aerop_direccion") values ('6', '6', 'aeropuerto de caldas', 'cll 32 # 78-65');
	insert into aeropuerto ("aerop_id", "aerop_ciud_id", "aerop_nombre", "aerop_direccion") values ('7', '7', 'aeropuerto de caqueta', 'cr 22 # 78 - 63');
	insert into aeropuerto ("aerop_id", "aerop_ciud_id", "aerop_nombre", "aerop_direccion") values ('8', '8', 'aeropuerto de cauca', 'cll 6 # 7 - 51');
	insert into aeropuerto ("aerop_id", "aerop_ciud_id", "aerop_nombre", "aerop_direccion") values ('9', '9', 'aeropuerto de cesar', 'cr 4 # 78 - 8');
	insert into aeropuerto ("aerop_id", "aerop_ciud_id", "aerop_nombre", "aerop_direccion") values ('10', '10', 'aeropuerto de cordoba', 'tv 5 # 78 - 65');
	insert into aeropuerto ("aerop_id", "aerop_ciud_id", "aerop_nombre", "aerop_direccion") values ('11', '11', 'aeropuerto de cundinamarca', 'tv 5 # 78-45');
	insert into aeropuerto ("aerop_id", "aerop_ciud_id", "aerop_nombre", "aerop_direccion") values ('12', '12', 'aeropuerto de choco', 'tv 6 # 78 - 98');
	insert into aeropuerto ("aerop_id", "aerop_ciud_id", "aerop_nombre", "aerop_direccion") values ('13', '13', 'aeropuerto de huila', 'cll 5 # 78 - 98');
	insert into aeropuerto ("aerop_id", "aerop_ciud_id", "aerop_nombre", "aerop_direccion") values ('14', '14', 'aeropuerto de guajira', 'cr 30 # 78 - 65');
	insert into aeropuerto ("aerop_id", "aerop_ciud_id", "aerop_nombre", "aerop_direccion") values ('15', '15', 'aeropuerto de magdalena', 'tv 6 # 36 - 45');
	insert into aeropuerto ("aerop_id", "aerop_ciud_id", "aerop_nombre", "aerop_direccion") values ('16', '16', 'aeropuerto de meta', 'diag 35 # 67-90');
	insert into aeropuerto ("aerop_id", "aerop_ciud_id", "aerop_nombre", "aerop_direccion") values ('17', '17', 'aeropuerto de nariño', 'cr 7 # 89-03');
	insert into aeropuerto ("aerop_id", "aerop_ciud_id", "aerop_nombre", "aerop_direccion") values ('18', '18', 'aeropuerto de norte de santander', 'tv 5 # 78-98');
	insert into aeropuerto ("aerop_id", "aerop_ciud_id", "aerop_nombre", "aerop_direccion") values ('19', '19', 'aeropuerto de quindio', 'cr 89 # 98-56');
	insert into aeropuerto ("aerop_id", "aerop_ciud_id", "aerop_nombre", "aerop_direccion") values ('20', '20', 'aeropuerto de risaralda', 'cr 78 # 58-45');
	insert into aeropuerto ("aerop_id", "aerop_ciud_id", "aerop_nombre", "aerop_direccion") values ('21', '21', 'aeropuerto de santander', 'cll 78 # 56 -87');
	insert into aeropuerto ("aerop_id", "aerop_ciud_id", "aerop_nombre", "aerop_direccion") values ('22', '22', 'aeropuerto de sucre', 'tv 5 # 78 - 65');
	insert into aeropuerto ("aerop_id", "aerop_ciud_id", "aerop_nombre", "aerop_direccion") values ('23', '23', 'aeropuerto de tolima', 'cll 85 # 87-43');
	insert into aeropuerto ("aerop_id", "aerop_ciud_id", "aerop_nombre", "aerop_direccion") values ('24', '24', 'aeropuerto de valle del cauca', 'tv 85 # 09-21');
	insert into aeropuerto ("aerop_id", "aerop_ciud_id", "aerop_nombre", "aerop_direccion") values ('25', '25', 'aeropuerto de arauca', 'cr 87 # 90-43');
	insert into aeropuerto ("aerop_id", "aerop_ciud_id", "aerop_nombre", "aerop_direccion") values ('26', '26', 'aeropuerto de casanare', 'tv 85 # 65 - 54');
	insert into aeropuerto ("aerop_id", "aerop_ciud_id", "aerop_nombre", "aerop_direccion") values ('27', '27', 'aeropuerto de putumayo', 'cr 78 #09-54');
	insert into aeropuerto ("aerop_id", "aerop_ciud_id", "aerop_nombre", "aerop_direccion") values ('28', '28', 'aeropuerto de amazonas', 'cll 2 # 13 - 54');
	insert into aeropuerto ("aerop_id", "aerop_ciud_id", "aerop_nombre", "aerop_direccion") values ('29', '29', 'aeropuerto de guainia', 'tv 5 j # 46 - 42');
	insert into aeropuerto ("aerop_id", "aerop_ciud_id", "aerop_nombre", "aerop_direccion") values ('30', '30', 'aeropuerto de guaviare', 'tv 5 # 85 - 69');
	insert into aeropuerto ("aerop_id", "aerop_ciud_id", "aerop_nombre", "aerop_direccion") values ('31', '31', 'aeropuerto de vapues', 'cll 45 # 78 - 85');
	insert into aeropuerto ("aerop_id", "aerop_ciud_id", "aerop_nombre", "aerop_direccion") values ('32', '32', 'aeropuerto de vichada', 'diag 56 # 78 -22');
	commit;


	begin transaction;
	insert into aerpuerto_aerolienea ("apal_aerol_id", "apal_aerop_id") values ('1', '1');
	insert into aerpuerto_aerolienea ("apal_aerol_id", "apal_aerop_id") values ('2', '1');
	insert into aerpuerto_aerolienea ("apal_aerol_id", "apal_aerop_id") values ('3', '1');
	insert into aerpuerto_aerolienea ("apal_aerol_id", "apal_aerop_id") values ('4', '1');
	insert into aerpuerto_aerolienea ("apal_aerol_id", "apal_aerop_id") values ('5', '1');
	insert into aerpuerto_aerolienea ("apal_aerol_id", "apal_aerop_id") values ('1', '2');
	insert into aerpuerto_aerolienea ("apal_aerol_id", "apal_aerop_id") values ('2', '2');
	insert into aerpuerto_aerolienea ("apal_aerol_id", "apal_aerop_id") values ('3', '2');
	insert into aerpuerto_aerolienea ("apal_aerol_id", "apal_aerop_id") values ('4', '2');
	insert into aerpuerto_aerolienea ("apal_aerol_id", "apal_aerop_id") values ('5', '2');
	insert into aerpuerto_aerolienea ("apal_aerol_id", "apal_aerop_id") values ('1', '3');
	insert into aerpuerto_aerolienea ("apal_aerol_id", "apal_aerop_id") values ('2', '3');
	insert into aerpuerto_aerolienea ("apal_aerol_id", "apal_aerop_id") values ('3', '3');
	insert into aerpuerto_aerolienea ("apal_aerol_id", "apal_aerop_id") values ('4', '3');
	insert into aerpuerto_aerolienea ("apal_aerol_id", "apal_aerop_id") values ('5', '3');
	insert into aerpuerto_aerolienea ("apal_aerol_id", "apal_aerop_id") values ('1', '4');
	insert into aerpuerto_aerolienea ("apal_aerol_id", "apal_aerop_id") values ('2', '4');
	insert into aerpuerto_aerolienea ("apal_aerol_id", "apal_aerop_id") values ('3', '4');
	insert into aerpuerto_aerolienea ("apal_aerol_id", "apal_aerop_id") values ('4', '4');
	insert into aerpuerto_aerolienea ("apal_aerol_id", "apal_aerop_id") values ('5', '4');
	insert into aerpuerto_aerolienea ("apal_aerol_id", "apal_aerop_id") values ('1', '5');
	insert into aerpuerto_aerolienea ("apal_aerol_id", "apal_aerop_id") values ('2', '5');
	insert into aerpuerto_aerolienea ("apal_aerol_id", "apal_aerop_id") values ('3', '5');
	insert into aerpuerto_aerolienea ("apal_aerol_id", "apal_aerop_id") values ('4', '5');
	insert into aerpuerto_aerolienea ("apal_aerol_id", "apal_aerop_id") values ('5', '5');
	insert into aerpuerto_aerolienea ("apal_aerol_id", "apal_aerop_id") values ('1', '6');
	insert into aerpuerto_aerolienea ("apal_aerol_id", "apal_aerop_id") values ('2', '6');
	insert into aerpuerto_aerolienea ("apal_aerol_id", "apal_aerop_id") values ('3', '6');
	insert into aerpuerto_aerolienea ("apal_aerol_id", "apal_aerop_id") values ('4', '6');
	insert into aerpuerto_aerolienea ("apal_aerol_id", "apal_aerop_id") values ('5', '6');
	insert into aerpuerto_aerolienea ("apal_aerol_id", "apal_aerop_id") values ('1', '7');
	insert into aerpuerto_aerolienea ("apal_aerol_id", "apal_aerop_id") values ('2', '7');
	commit;

/*

	begin transaction;
	insert into vuelo_usuario ("vuus_usua_cedula", "vuus_vuel_id") values ('1031144442', '500');
	insert into vuelo_usuario ("vuus_usua_cedula", "vuus_vuel_id") values ('1031144443', '500');
	insert into vuelo_usuario ("vuus_usua_cedula", "vuus_vuel_id") values ('1031144444', '500');
	insert into vuelo_usuario ("vuus_usua_cedula", "vuus_vuel_id") values ('1031144445', '500');
	insert into vuelo_usuario ("vuus_usua_cedula", "vuus_vuel_id") values ('1031144446', '500');
	insert into vuelo_usuario ("vuus_usua_cedula", "vuus_vuel_id") values ('1031144447', '501');
	insert into vuelo_usuario ("vuus_usua_cedula", "vuus_vuel_id") values ('1031144448', '502');
	insert into vuelo_usuario ("vuus_usua_cedula", "vuus_vuel_id") values ('1031144449', '502');
	insert into vuelo_usuario ("vuus_usua_cedula", "vuus_vuel_id") values ('1031144410', '502');
	insert into vuelo_usuario ("vuus_usua_cedula", "vuus_vuel_id") values ('1031144411', '502');
	commit;


*/

begin transaction;
insert into usuario values ('1031144412', '{DES}WkY8Mz7y4vM=','Camilo','ramirez','camilortte@hotmail.com');
insert into usuario values ('1013636654', '{DES}WkY8Mz7y4vM=','Camilo','ramirez','camilortte@hotmail.com');
commit;